symbol,last,percentChange,volume,value,marketCap,pe,pbv,deRatio,dps,eps,roa,roe,netProfitMargin,dividendYield,bookValuePerShare,listedShare
2S,3.52,-1.123596,200,0.704,1957985596,5.25,0.84,0.141276,0.12,0.67,18.336116,16.956644,8.995695,5.62,4.26,549995954
88TH,3.5,0,1800,6.26,743750000,8.69,1.54,0.165037,0.185,0.17,24.886888,24.717697,11.065108,5.29,2.27,212500000
A,,,,,1470000000,,2.93,26.022794,0.03,-0.73,-4.725007,-121.535421,-264.282002,,0.51,980000000
A5,1.78,0,15500,27.455,2096840333,83.88,1.27,1.094469,0.05,0.02,1.949677,1.502492,4.251066,2.81,1.4,1178000187
AAI,4.2,-0.473934,73300,308.174,8967500000,14.82,1.84,0.179417,0.1416,0.15,11.575145,12.240123,9.745037,7.95,2.29,2125000000
AAV,0.86,2.380952,1218810,1036.975,10793999997,,0.89,5.534747,,-0.12,3.589593,-5.986746,-6.050476,,0.94,12849999997
ABM,0.74,1.369863,100,0.074,505247924.9,,0.68,0.718816,,,-2.667134,-9.157687,-0.228532,,1.07,692120445
ACAP,,,,,,,,1.326923,,0.35,13.699806,31.319331,302.313738,,2.55,406411160
ACC,0.35,2.941176,532200,185.749,639313557.6,,1.34,0.847606,,-0.02,-6.026971,-52.384586,-72.290936,,0.25,1880333993
ACE,1.33,0.76,2630111,3512.778,13400593699,12.75,0.77,0.525017,0.01,0.06,5.774184,6.145412,17.523515,0.75,1.73,10075634360
ACG,0.94,4.444444,2000,1.88,540000000,12.78,0.74,0.527539,0.04,0.04,6.230546,5.841314,3.550256,4.44,1.22,600000000
ADB,0.98,0,74100,72.646,711479924.5,10.01,1.04,0.561513,0.03,0.08,8.283678,10.769192,11.628432,3.06,0.94,725999923
ADD,3.7,-1.07,87002,313.187,621600000,17.57,1.26,0.358406,0.07,0.05,9.443484,7.053682,4.408763,9.46,2.93,168000000
ADVANC,334,-0.298507,448089,150265.672,9.9636E+11,18.61,19.06,6.670618,8.69,9.15,17.816033,69.541426,23.668272,10.24,17.58,2974209736
ADVICE,6.95,0,69300,484.09,4309000000,11.29,3.81,3.15838,0.23,0.41,12.112847,36.318364,2.859785,5.04,1.82,620000000
AE,0.21,5,344800,69.031,514307181.4,,0.25,0.311114,,-0.02,-3.473983,-6.081128,-9.258274,,0.79,2571535907
AEONTS,91,-0.273973,78264,7158.356,22812500000,7.58,0.8,1.957966,2.95,5.8,6.265347,10.87674,15.190479,6.07,113.81,250000000
AF,0.41,-2.38,3600,1.5,656000000,42.71,1.21,3.920606,0.02,0.01,3.784266,2.877955,8.701662,,0.34,1600000000
AFC,4.48,1.82,700,3.118,204172711.7,18.19,0.17,0.182639,0.14,0.25,0.9256,0.93847,2.1502,,26.65,45574266
AGE,1.36,0,30000,40.8,1627271872,4.17,0.48,1.371347,0.2,0.2,7.859298,12.091223,2.929005,,2.85,1196523435
AH,15.1,0,100,1.51,5358114381,6.14,0.44,1.020686,0.38,1.52,5.196593,7.383799,4.078731,5.23,34.32,354842012
AHC,12,-3.23,3109,37.309,1798911168,21.5,0.86,0.177117,0.52,0.18,4.163553,3.975672,3.132037,4.33,14.03,149909264
AI,3.26,1.24,44539,143.81,2281996808,12.45,0.96,0.165288,0.2,0.22,7.86567,7.788204,5.370314,6.13,3.39,699999021
AIE,1.53,0,1700,2.601,2117541434,8.97,0.99,0.220313,0.2,0.13,9.525887,11.480028,4.504699,3.27,1.55,1384014009
AIRA,,,1,0.001,6378027318,,2.06,1.281239,0.011,,2.916638,-1.253331,4.832619,,0.49,6314878533
AIT,4.76,-0.41841,72500,345.226,7344066434,12.59,1.84,0.603377,0.15,0.19,11.325622,14.690593,8.230551,7.53,2.59,1536415572
AJ,3.08,1.315789,162400,499.7,1813354458,,0.47,2.23059,0.38,0.08,-0.121455,-7.510742,1.139908,,6.43,596498177
AJA,0.13,0,6059200,731.266,746617638.9,,1.54,0.245563,,-0.01,-23.404428,-28.923179,-88.972034,,0.08,5743212607
AKP,0.72,1.408451,60100,42.672,286840000,3.87,0.42,0.17745,0.046,0.04,11.815903,11.147302,7.053555,6.48,1.71,404000000
AKR,1.11,-0.892857,2327600,2596.267,1648525416,11.87,0.99,0.447388,0.065,0.04,8.656542,8.39914,6.803548,5.8,1.13,1471897693
AKS,,,,,,,,,,-0.08,-42.452015,-242.066625,-150.14008,,-0.05,4073299779
ALLA,1.1,0,200,0.22,660000000,11.37,0.71,0.233813,0.1,0.03,6.342552,6.238987,5.875684,9.09,1.54,600000000
ALPHAX,0.22,4.761905,16800,3.548,1951398569,10.2,0.33,0.273796,,,3.813426,3.346732,2.856583,,0.63,9292374138
ALT,1.67,0.60241,28400,47.398,1879497516,95.25,1.08,1.569655,,0.03,2.140368,1.133767,4.039122,,1.54,1132227419
ALUCON,256,0,701,179.56,11059196416,10.31,1.47,0.184295,16,15.96,15.420394,14.659425,17.08277,6.25,173.82,43199986
AMA,3.74,0.537634,53100,198.532,1926650396,12.17,0.66,0.408725,0.2,0.11,6.263034,5.448331,4.305954,8.06,5.65,517916773
AMANAH,0.7,0,300,0.21,828885309.7,,0.5,1.425221,0.015873,-0.03,-0.052415,-6.075616,-8.615444,,1.4,1184121871
AMARC,2.9,-0.684932,300,0.87,1226400000,9.19,2,0.245497,0.1,0.17,17.014088,21.214298,28.798874,8.95,1.46,420000000
AMARIN,1.93,4.89,16930,30.854,1926683469,,0.44,0.265239,0.06,-0.05,-1.212597,-1.763186,-3.135903,,4.41,998281590
AMATA,31.75,0,60201,1917.482,36512500000,7.1,1.41,1.266,0.6,2.58,10.40562,21.462085,39.919186,3.46,22.5,1150000000
AMATAV,2.22,-0.892857,5000,11.1,2387612114,3.24,0.42,1.131431,0.05,0.34,9.049026,13.84767,20.949896,,5.39,1065898265
AMC,2.48,2.479339,10200,24.69,1161832990,12.48,0.35,0.474634,0.08,0.25,2.993276,2.79664,4.798904,3.31,6.99,480096277
AMR,0.39,0,300,0.117,230376900,,0.36,1.199257,0.05,-0.16,-10.348411,-23.061273,-41.180162,,1.09,590710000
ANAN,0.3,0,60500,18.15,1249876547,,0.11,1.246979,,-0.1,2.222365,-2.559597,-10.376499,,2.62,4166255157
ANI,3.36,1.204819,3500,11.568,6135360000,9.1,0.73,0.220834,0.05,0.2,9.254603,8.216782,9.805331,6.02,4.53,1848000000
AOT,58.25,1.304348,2637757,153398.462,8.21428E+11,43.99,6.12,0.51794,0.81,1.04,12.635168,14.30394,29.486359,1.41,9.39,14285700000
AP,8,0.628931,565900,4502.145,25009900985,5.67,0.54,0.898044,0.52,0.63,6.963869,9.802247,9.634489,6.54,14.75,3145899495
APCO,2.52,1.61,76206,190.247,1512000000,26.16,2.84,0.107046,0.091,0.05,12.429068,10.947322,29.869924,3.61,0.89,600000000
APCS,1.28,-0.78,33430,42.903,844799823.4,,0.77,1.466189,0.06,-0.18,-15.629621,-37.373882,-28.065045,,1.67,659999862
APO,1.73,-0.574713,300,0.519,591600000,14.05,1.27,0.352779,0.05,,6.819525,8.707201,-0.088938,12.64,1.37,340000000
APP,3.32,-1.190476,8100,27.052,940800000,8.16,2.11,1.290037,0.23,0.24,14.899381,27.279168,11.717853,6.85,1.6,280000000
APURE,2.14,0,7700,16.478,2050715765,,0.92,0.199845,0.22,0.07,-7.608419,-8.274703,6.961993,,2.32,958278395
AQUA,0.1,0,211000,21.1,571245718.7,,0.14,0.614435,0.01,0.01,-6.05573,-13.304874,6.215347,,0.71,5712457187
ARIN,0.45,0,5700,2.565,270000000,,0.98,1.855588,,-0.04,-2.498725,-13.672439,-185.024689,,0.46,600000000
ARIP,0.42,2.439024,26900,11.031,191060000,19.92,0.85,0.283509,0.02,0.01,3.833067,4.272947,2.981563,4.88,0.48,466000000
ARROW,5.7,0,5500,31.35,1464312353,9.06,1.09,0.355088,0.1,0.38,12.116803,12.299838,14.768858,7.02,5.22,256896904
AS,2.04,0.990099,31200,63.028,1008478467,8.1,0.74,0.234457,0.08,0.09,8.694426,9.243313,7.867322,9.9,2.73,499246766
ASAP,2.12,0,33400,70.808,1539119941,25.64,1.72,6.974845,,0.04,5.160879,6.930052,1.139521,,1.23,725999972
ASEFA,7.5,0.671141,85200,635.855,4025222335,10.27,1.93,1.491603,0.35,0.44,11.87921,19.554407,7.938667,4.61,3.86,540298300
ASIA,5.6,0.9,5000,27.99,1792000000,,0.31,0.714443,0.05,-0.02,1.461352,-0.16102,-1.21227,2.39,17.99,320000000
ASIAN,7.1,-0.7,244000,1743.49,5780021669,9.86,0.9,0.158623,0.198,0.33,9.358782,9.145886,7.399156,9.5,7.87,814087559
ASIMAR,1.43,0,49200,70.356,369356254.4,8.91,0.82,0.793046,0.12,0.07,6.518074,9.212994,4.412343,8.39,1.75,258291087
ASK,9.5,0,1700,16.15,6686017160,10.01,0.56,3.890299,0.4,0.57,4.023222,5.660999,16.12546,4.21,17.04,703791280
ASN,0.97,3.19,13610,13.219,181583954.4,231.6,0.62,0.761303,0.0267,,3.304746,0.26945,-0.379396,,1.56,187199953
ASP,2.32,0.869565,1000,2.32,4673454511,9.99,0.95,1.826359,0.11,0.16,4.936571,9.686756,27.196688,3.91,2.41,2031936744
ASTR,3.78,0.53,46300,176.808,6130907269,,7.01,0.068625,,-0.05,-12.095562,-13.080667,-132.472977,,0.54,1621933140
ASW,7.65,-0.65,4314,32.901,6883045808,4.68,0.74,3.495343,0.5,0.88,6.199115,16.805741,15.259986,6.54,10.32,899744550
ATP30,0.77,1.32,610602,465.164,525378744.7,11.8,0.91,1.272796,0.04,0.03,6.00786,7.839154,4.293958,5.19,0.84,682310058
AU,4.14,0,37700,156.278,3376681543,19.19,3.67,0.48977,0.25,0.11,16.816062,18.763312,10.906247,6.04,1.13,815623561
AUCT,4,-0.497512,128500,513.968,2211000000,15.1,5.1,3.013241,0.073,0.08,11.867113,31.77356,10.941623,9.08,0.79,550000000
AURA,13.3,0,100,1.33,17791371430,10.93,2.08,2.359678,0.56,0.69,11.33555,21.476434,3.122586,4.2,6.4,1337697100
AWC,3.12,0.645161,4171200,13034.096,99282287640,15.35,1.03,1.157815,0.08,0.11,4.845179,6.84696,37.509401,2.58,3.01,32026544400
AYUD,42,0,6402,266.959,16349211102,5.58,1.12,0.609357,0.9,4.71,13.160192,20.905473,32.760532,5.52,37.64,389266931
B,0.04,33.333333,100,0.004,242220273.2,,0.08,0.507189,,,-8.805467,-11.730098,-33.021982,,0.38,8074009105
B52,0.24,0,2000,0.48,241507247,,4.44,0.14252,,-0.03,-59.503484,-67.419545,-449.753061,,0.05,1006280196
BA,18.9,0.531915,182700,3439.39,39480000000,10.01,2.73,2.604688,0.55,1.17,12.712834,27.448404,17.525502,6.42,6.88,2100000000
BAFS,9.95,-0.5,39459,391.059,6343086722,28.2,1.18,2.431105,0.13,0.29,4.050987,4.177155,10.109845,3.32,8.42,637496153
BAM,6.4,0,569400,3642.97,20685070720,27.5,0.47,2.093442,0.5,0.14,2.80288,1.705749,9.704878,7.81,13.49,3232042300
BANPU,14.8,-1.333333,3467356,51635.5,60744329595,25.12,,1.757494,0.4,0.71,4.696869,1.608511,5.201005,,,4049621973
BAY,38.75,-1.898734,80400,3136.275,2.90553E+11,8.85,0.68,4.76693,0.6,2.3,2.994712,7.934929,18.638094,3.29,57.72,7355761773
BBGI,6.6,1.538462,36600,238.94,9399000000,9.96,0.95,0.377626,0.2,0.52,7.948464,9.94422,6.596561,2.31,6.82,1446000000
BBIK,18.2,0.552486,38100,697.33,3620280079,10.14,1.64,0.19893,0.48,0.81,15.713055,17.189389,21.590502,2.65,11.01,200015474
BBL,182.5,0,374907,68418.128,3.48364E+11,8.29,0.6,7.0533,2,10.74,2.454236,7.295034,18.60572,5.48,303.61,1908842894
BC,0.52,-3.703704,11000,5.72,314077277.5,,0.55,2.931512,0.052,-0.11,-2.783482,-22.874766,-38.089692,,0.97,581624588
BCH,11.6,-0.854701,1161404,13591.567,29176851413,23.96,2.23,0.238221,0.35,0.24,9.967564,9.35335,11.032414,3.85,5.24,2493747984
BCP,53.75,1.895735,1224730,65172.48,77681794129,3.56,0.93,2.652353,3,12.51,11.738598,30.936362,6.202123,2,56.97,1472640647
BCPG,6.45,0.78125,52809,340.618,19172859770,8.59,0.66,0.9038,0.15,0.29,7.098758,7.811462,43.899298,5.47,9.67,2995759339
BCT,,,17,1.003,17700000000,7.74,0.49,0.119757,1,2.01,6.92265,6.507385,23.117556,1.69,121.55,300000000
BDMS,19,0.529101,2798992,52908.028,3.00359E+11,19.61,2.91,0.469125,0.35,0.46,12.770005,14.959514,13.460514,5.29,6.5,15892001895
BE8,4.88,0.411523,100,0.488,1286486386,,0.47,0.392279,0.04,-0.37,-0.760274,-2.418906,-8.119133,0.82,10.37,264709133
BEAUTY,0.3,0,10000,3,898258060.5,,1.96,0.240469,,-0.01,-6.984644,-9.062205,-26.779038,,0.15,2994193535
BEC,1.85,-1.07,110600,205.944,3700000000,23.43,0.61,0.322719,0.04,0.01,3.896,2.61252,0.926693,5.41,3.02,2000000000
BEM,6.35,0,1155400,7335.78,97059750000,25.01,2.56,3.694713,0.15,0.13,4.293114,10.580429,21.852617,2.36,2.48,15285000000
BEYOND,7.15,-0.69,10400,72.85,2073991420,20.19,0.31,0.944102,,0.23,3.819113,1.562776,3.460382,,23.02,290068730
BGC,6.2,-0.8,1600,9.92,4340275000,71.36,0.79,1.809501,0.04,0.17,0.985634,1.100095,1.774575,2.43,7.92,694444000
BGRIM,19.4,2.645503,6460329,125032.204,49270410000,20.43,1.42,2.927328,0.18,0.36,5.323163,6.92329,7.401148,2.18,13.35,2606900000
BGT,0.36,0,500,0.176,130867165.4,,0.43,1.001518,,-0.04,0.458169,-4.027393,-5.197097,,0.84,363519904
BH,190,0.795756,139712,26438.428,1.49851E+11,19.74,5.48,0.19656,4,4.63,28.150777,27.127691,29.372386,5.84,34.4,794966592
BIG,0.3,-3.225806,2000,0.6,1093952428,11.43,0.59,0.520491,0.01,0.01,4.71968,5.2748,2.481187,3.23,0.52,3528878800
BIOTEC,0.27,0,1063100,284.086,824407794.5,4.48,0.68,1.082571,,0.03,10.258782,16.447216,3.832572,,0.38,3053362202
BIS,2.56,2.4,400,1.014,785000000,23.13,0.99,0.524883,0.23,0.1,3.873693,4.234664,3.079483,4.8,2.52,314000000
BIZ,6.05,0,1800,10.89,3634446683,8.3,4.2,0.991485,0.5,0.31,29.653904,55.020855,17.755099,8.26,1.44,600734989
BJC,18.8,1.621622,1262000,23688.37,74144238932,12.63,0.63,1.863497,0.17,0.98,4.08101,4.962595,4.934125,2.76,29.25,4007796699
BJCHI,3.16,0,6801,21.357,1263755100,247.12,0.4,0.089649,0.0171,0.18,0.055982,0.16166,13.409698,2.2,7.88,399922500
BKA,0.61,-3.17,233110,143.254,128100000,,0.91,0.514241,0.06,-0.19,-23.131488,-36.600267,-12.103,9.84,0.67,210000000
BKD,1.15,0,14800,17.134,1237642227,9.92,0.81,0.213922,0.1,0.04,8.398649,8.15912,16.386849,8.7,1.43,1076210632
BKGI,2.38,1.709402,35800,84.402,1404000000,14.77,2.41,0.264918,0.05,0.1,15.761823,17.233694,20.054042,2.14,0.97,600000000
BKIH,385,-0.259067,300,115.6,40161048848,10.24,1.22,0.997528,4.5,22.81,7.811226,13.285057,14.053849,4.53,316.22,104044168
BLA,22.1,-0.45045,72200,1600.26,37907965200,5.23,0.67,4.51825,0.41,2.11,2.741071,13.714222,30.931236,3.87,32.89,1707566000
BLAND,0.54,-1.818182,918200,504.902,9543943835,12.6,0.19,0.215794,0.0125,0.01,2.983934,1.538258,28.136426,2.27,2.86,17352625154
BLC,3.96,0.51,182400,717.84,2376000000,17.39,1.43,0.549444,0.05,0.1,7.329402,8.110078,7.355458,6.31,2.77,600000000
BLESS,0.24,0,15300,3.672,192000000,,0.16,0.840721,0.05,-0.01,0.602064,-0.618208,-4.595979,,1.47,800000000
BLISS,,,,,,,,0.280725,,,-0.246171,-0.914582,41.778723,,0.02,32230527817
BM,1.52,0,135500,205.723,1067242824,13.29,1.08,1.031074,0.05,0.1,5.869365,8.319217,6.13738,6.95,1.41,702133437
BOL,5,0.401606,200,1,4086117390,13.46,3.65,0.395978,0.16,0.2,22.905724,27.890715,37.62883,6.53,1.36,820505500
BPS,0.6,0,357200,214.377,240000000,27.4,0.83,0.570493,0.0125,0.02,2.920948,3.056618,2.374107,2.08,0.72,400000000
BR,1.79,0.561798,7200,12.888,1625935886,8.98,0.32,0.906323,0.02,0.11,4.624505,3.666693,2.810127,1.12,5.49,913447127
BRI,1.2,2.564103,200,0.24,1700256869,,0.25,1.790308,0.025,-0.04,0.732842,-0.191956,-8.693965,2.99,4.65,1453210999
BROCK,,,,,1312000232,,1.06,0.049441,0.01,-0.01,-0.502997,-0.81154,-13.576914,,1.21,1025000181
BRR,3.78,-0.53,50901,192.638,3069739535,38.08,0.8,1.286438,0.165,0.29,2.670393,2.07274,7.24883,4.37,4.75,812100406
BSBM,0.6,-1.64,45510,27.521,672705000,,0.42,0.012795,0.02,-0.01,-3.678094,-3.840832,-3.645277,,1.42,1121175000
BSM,0.68,-2.86,14120,9.427,144874421.6,,0.52,2.483316,,-0.06,1.336544,-6.637357,-6.873062,,1.32,213050620
BTC,0.28,3.703704,27200,7.345,2916221613,,1.13,0.333395,0.01,0.01,-9.698633,-11.565341,8.946958,3.7,0.24,10800820789
BTG,19.9,0,4202,83.62,38502520000,10,1.24,1.270498,1.5,0.84,8.101039,12.402299,2.775796,7.54,16.1,1934800000
BTNC,,,,,151200000,4.93,0.31,0.120138,1.5,-0.28,6.912261,6.290036,-2.683768,11.9,40.73,12000000
BTS,1.9,-1.041667,6549565,12499.178,30900102950,,0.53,2.21443,0.16,-0.02,2.233105,-2.285708,-6.617874,,3.62,16093803620
BTW,0.13,0,1100,0.143,98280000,,2.92,12.690796,0.02,-0.15,-27.998615,-133.769642,-218.67843,,0.04,756000000
BUI,12.1,-0.82,4900,59.24,686265197.2,5.76,0.54,0.463895,0.2,1.8,8.47848,9.909952,13.508816,1.5,22.42,56716132
BVG,1.54,0,2000,3.08,693000000,12.96,0.9,0.2303,0.03,0.05,7.263051,6.994428,8.124462,5.26,1.72,450000000
BWG,0.22,0,1601000,352.62,1403865811,3.02,0.3,0.292831,0.0075,0.01,10.264443,10.384128,7.625611,3.41,0.74,6381208233
BYD,0.37,0,1800,0.666,1927932669,,0.42,0.203723,,-0.05,-3.954261,-7.325491,-38.148283,,0.88,5210628836
CAZ,2.34,1.73913,10000,23.236,703000379.7,,1.2,3.354074,0.2114,0.28,27.416142,-42.436928,4.587268,,1.92,305652339
CBG,50,-2.439024,2365008,118601.057,51250000000,24.34,3.44,0.364821,1,1.35,14.772341,14.534865,11.692266,2.54,14.89,1000000000
CCET,9.15,-0.543478,11504100,105116.825,96140026045,44.29,3.59,2.52251,0.07,0.12,4.124037,8.350284,1.872461,1.74,2.56,10450002831
CCP,0.27,0,143972,38.877,747368148.9,7.87,0.47,0.836084,0.01,0.02,5.008478,6.106606,4.970699,3.7,0.57,2768030181
CEN,0.55,1.851852,5000,2.75,402387809.9,,0.35,0.197188,0.12,-0.12,-9.415556,-12.730193,-29.890607,,1.56,745162611
CENTEL,43.5,0,465700,20223.275,58725000000,17.05,2.42,1.658616,0.67,1.71,7.9086,15.06556,17.844097,1.54,17.96,1350000000
CEYE,1.16,0,3500,4.075,336353690.5,86.91,0.53,0.136399,0.075,0.06,1.391942,0.600903,8.756685,6.47,2.2,289960078
CFARM,0.89,1.136364,100,0.089,510400000,23.9,0.77,0.233603,0.02,0.01,2.588498,3.233798,7.041169,2.27,1.15,580000000
CFRESH,1.64,0.613497,9700,15.908,1511171696,9.74,0.61,0.996934,,0.12,8.072255,6.49152,4.240276,,2.66,927099200
CGD,0.1,0,83100,8.292,826612905,,0.27,3.356255,,-0.04,-1.1992,-21.928687,-77.845045,,0.37,8266129050
CGH,0.7,0,232400,162.68,2906714418,,0.48,0.557219,,0.01,-1.03304,-0.142757,186.845916,,1.46,4152449168
CH,1.57,0,10500,16.564,1256000000,,1.03,0.696433,0.03,-0.04,-3.49219,-5.73085,-3.109447,1.91,1.52,800000000
CHAO,3.86,0.520833,600,2.316,1152000000,16.65,1.15,0.319315,0.17,0.04,6.446504,6.820215,1.723557,4.47,3.35,300000000
CHARAN,21.2,0.95,100,2.12,254400000,3.56,0.4,0.396732,0.9,3.69,8.027356,11.780298,23.739177,4.25,53,12000000
CHASE,0.44,0,1500,0.66,873964828,,0.25,0.112144,0.01041,,0.553348,-0.056995,0.166885,,1.74,1986283700
CHAYO,1.26,0,81800,102.754,1468672156,,0.46,1.077305,0.001389,0.17,-2.727833,-14.904111,24.594812,,2.75,1165612822
CHEWA,0.15,15.38,894300,132.578,191254332.5,,0.18,2.92663,0.0183,-0.08,-7.220481,-35.382028,-24.886924,,0.81,1275028883
CHG,1.59,-0.625,10882900,17453.981,17600000000,18.09,2.27,0.240707,0.02,0.04,12.674571,12.674817,11.698674,4.38,0.7,11000000000
CHIC,0.3,3.45,3300,0.968,408000000,20.83,0.5,1.16797,0.0025,,2.750467,2.425501,1.125274,,0.6,1360000000
CHO,,,,,,,,,,-0.18,-35.829908,,-278.382367,,-1.67,766234798
CHOTI,,,,,525000000,,0.77,2.716659,8.5,34.39,-4.047149,-17.035247,17.607937,,90.88,7500000
CHOW,1.32,-0.75,206805,268.665,1056000000,18.37,0.49,0.214637,,-0.01,2.290972,2.707476,-1.836338,,2.67,800000000
CI,0.34,0,25210,8.575,362731293,,0.39,4.61031,,-0.14,0.138175,-28.296387,-22.301634,,0.88,1066856744
CIG,0.03,50,111300,3.177,74731553.98,,0.27,2.175238,,,-6.763114,-29.428729,-2.995702,,0.08,3736577699
CITY,,,,,438000000,58.26,0.35,0.016371,,0.03,0.766618,0.606056,6.846986,,4.15,300000000
CIVIL,0.89,0,55200,49.28,623000000,,0.34,3.936141,0.02,-0.07,-1.164459,-5.484105,-2.092781,,2.58,700000000
CK,17.8,0.564972,308200,5490.23,29981974634,8.98,1,2.723135,0.2,0.67,4.578855,11.818042,4.708916,2.54,17.76,1693896872
CKP,2.34,0.862069,30600,71,18860167931,7.93,0.63,0.81972,0.088,0.03,5.890151,8.167061,10.095497,3.79,3.69,8129382729
CM,1.49,0,2900,4.321,567907130.3,,0.45,0.140705,0.031,-0.13,-3.08458,-3.765075,-8.687449,2.08,3.34,381145725
CMAN,2.62,0,205100,537.926,2515200000,6.63,0.88,1.161392,0.15,0.27,8.924277,13.866842,13.313536,5.73,2.98,960000000
CMC,0.4,2.564103,100,0.04,429863135.9,4.07,0.21,2.208181,0.00372,-0.11,9.43219,5.30447,-16.844386,,1.88,1102213169
CMO,0.61,0,55601,33.962,259966660.9,281.65,0.85,1.679149,,-0.01,4.708177,0.301241,0.109099,,0.72,426174854
CMR,1.23,0,700,0.861,5007483750,2.08,1.1,0.679413,0.1043,0.01,27.999705,60.653296,2.90147,17.75,1.12,4071125000
CNT,3.24,1.25,227700,736.732,3289293261,14.99,1.74,3.592325,0.05,0.18,3.182614,12.20042,2.847451,1.56,1.84,1027904144
COCOCO,5.45,0,4200,22.8,8011500000,26.13,2.29,1.61329,0.12,0.14,5.305639,8.929224,6.361044,2.2,2.38,1470000000
COM7,32.5,-0.763359,989670,32229.609,78197134554,16.75,7.14,2.464617,1.1,1.07,18.24449,47.158889,5.364994,3.36,4.59,2387698765
COMAN,0.43,-2.272727,1800,0.798,73659371.28,,0.59,0.142744,0.0877,-0.06,-66.415748,-72.066752,-10.847472,,0.74,167407662
CPALL,43,1.176471,3855989,164910.672,3.81782E+11,12.42,2.68,1.875658,1.65,1.84,5.92518,22.729909,3.451181,3.88,15.84,8983101348
CPANEL,1.42,0,1856,2.607,231713573.7,,0.55,1.632559,0.16,-0.2,-3.409787,-9.879894,-68.063787,,2.57,163178573
CPAXT,14.1,0,301137,4246.117,1.4703E+11,16.17,0.49,0.899651,0.18,0.45,3.01848,3.048736,1.711125,5.04,28.72,10427661800
CPF,21.3,0.947867,223901,4748.591,1.73929E+11,11.31,0.69,2.331288,0.45,1.11,5.176919,6.164663,3.45373,5.97,30.68,8243060785
CPH,11.1,2.78,36186,397.107,444000000,4.16,0.38,0.535711,0.75,1.79,8.618562,9.341828,8.707957,6.76,29.55,40000000
CPI,3.5,0,4500,15.708,2214634275,8.59,0.63,0.41889,0.27,0.22,7.334776,7.876035,4.883485,7.71,5.52,632752650
CPL,0.7,1.449275,1700,1.196,303492556,,0.51,2.244715,0.05,0.01,-0.374873,-13.575163,0.397566,,1.34,439844284
CPN,62.5,1.214575,607700,37841,2.77134E+11,13.84,2.54,1.590734,2.4,2.17,9.341564,19.228886,36.841391,3.89,24.27,4488000000
CPR,2.5,-0.79,22800,57.008,497500000,40.37,0.98,0.119138,0.035,0.01,2.627054,2.445488,1.754564,1.4,2.55,199000000
CPT,1.16,0.87,22101,25.619,1044000000,12.77,0.99,0.491881,0.025,0.04,7.453299,7.977892,7.722809,2.16,1.17,900000000
CPW,2.42,1.680672,1400,3.388,1428000000,8.53,1.63,2.072378,0.08,0.14,9.415691,19.722867,1.488948,7.98,1.46,600000000
CRANE,0.32,6.666667,1138700,359.432,227456409.3,,0.34,1.238908,,-0.05,-3.800395,-14.586204,-38.522345,,0.87,758188031
CRC,32.75,5.645161,4765514,155087.867,1.86961E+11,21.33,2.81,2.483518,1.11,0.8,5.970197,13.127304,3.961964,5.84,11.01,6031000000
CRD,0.43,2.380952,21300,9.159,210000000,3.56,0.42,0.924141,,0.04,8.398234,12.595101,4.950422,,0.99,500000000
CREDIT,20.8,0,25900,539.31,25684655818,5.92,0.94,7.393324,0.98,1.74,4.41242,16.907421,20.891499,4.71,22.07,1234839222
CSC,46.75,-0.531915,1000,46.75,2444036425,8.56,0.57,0.243464,2.25,4.17,6.711033,6.757822,11.095743,4.79,82.8,52000775
CSP,0.8,0,115723,93.226,396935060.8,10.28,0.67,2.319335,0.2,0.12,4.417007,6.73785,4.972645,,1.19,496168826
CSR,,,,,1696375000,22.47,1.36,0.121132,2.03,1.77,6.774683,6.13449,33.029474,2.45,60.83,20500000
CSS,0.94,0,42200,39.668,1105194744,11.59,0.62,1.189163,0.03,0.07,3.317349,5.465853,2.914354,4.26,1.51,1175739089
CTW,6.55,-1.5,28000,184.785,2606286160,9.64,0.63,0.591135,0.08,0.42,5.817836,6.738135,4.916046,1.22,10.37,397906284
CV,,,,,,,,2.924515,0.0235,-0.39,-19.871004,-73.116013,-136.9974,,1.11,854901829
CWT,0.89,-2.2,297230,267.505,560803653.9,,0.32,0.983206,0.0535,-0.12,-3.259529,-8.961491,-11.822054,,2.78,630116465
D,2.94,0,100,0.294,1006054993,11.25,1.2,0.655163,0.073,0.12,9.51887,10.941005,7.072027,5.1,2.45,342195576
DCC,1.34,0,6900,9.246,12228319096,14.23,1.67,0.459127,0.02,0.05,10.554058,11.931667,14.953417,5.97,0.8,9125611266
DCON,0.15,0,1000,0.15,807951059.4,,0.35,0.486756,0.00275,-0.07,-10.620965,-15.19663,-75.639337,1.83,0.42,5386340396
DDD,4.78,0.84,6600,31.586,1519503206,,0.34,0.062332,0.12,-0.24,-1.283848,-0.815118,-15.18032,3.77,13.99,317887700
DELTA,267,-0.373134,1773204,471574.322,3.34298E+12,111.98,31.71,0.820759,0.6,1.22,21.631838,31.518339,11.81035,0.22,8.45,12473816140
DEMCO,3.42,3.01,347510,1178.83,2577867011,51.35,0.71,0.665625,0.03,0.04,1.154732,1.373243,3.096241,,4.84,753762284
DEXON,1.14,4.587156,2000,2.28,519385000,,0.84,0.488592,0.06,-0.08,-3.858607,-6.952531,-10.59271,,1.3,476500000
DHOUSE,0.28,0,900,0.252,253866664.8,,0.61,1.016543,0.03,-0.02,-0.655419,-7.422785,-21.403829,,0.46,906666660
DIMET,0.05,0,1040000,52,134550123.5,,0.99,1.161754,,,-3.045604,-10.98049,-9.124889,,0.05,2691002469
DITTO,12.4,0.813008,91600,1122.15,8535137268,13.47,2.15,0.371682,0.25,0.5,14.815369,16.524314,17.604312,4.07,5.73,693913599
DMT,12.1,0.833333,11100,133.21,14174793600,13.07,1.67,0.083714,0.223,0.44,14.809334,12.766031,39.783402,7.33,7.2,1181232800
DOD,0.76,-5,8000,6.13,360331428,192.92,0.39,0.226075,0.05,-0.05,-0.126827,0.201565,-8.027042,6.25,2.04,450414285
DOHOME,3.5,1.156069,1640000,5741.056,12174379154,16.13,0.87,1.492851,0.004444,0.16,3.694482,5.558238,3.471753,0.12,3.97,3518606692
DPAINT,0.18,0,101100,17.196,164918607.8,,0.32,1.027212,0.162,-0.09,-5.272787,-12.240308,-7.593869,,0.57,916214488
DRT,5.3,0,48624,258.143,4531675430,10.9,1.76,0.575804,0.2,0.34,11.836734,16.703334,11.071734,6.04,3,855033100
DTCENT,0.91,-1.09,213244,196.085,1197354673,11.81,0.78,0.156911,0.0608,0.04,7.510258,6.643195,14.249436,6.68,1.17,1315774366
DTCI,,,,,152000000,,0.4,0.150541,0.25,-0.59,-2.24729,-2.517402,-10.320753,1.64,37.56,10000000
DUSIT,10.5,-0.94,72940,773.751,8925000000,65.52,1.24,3.690137,,0.34,3.408281,1.936267,7.324941,,8.44,850000000
EA,2.72,0,2112318,5745.407,20200898192,,0.61,1.606292,0.3,0.01,-3.638195,-12.099114,-5.165608,,4.49,7426800806
EASON,1.25,0,100,0.125,708456181.3,6.42,0.73,0.257492,0.08,0.09,11.094803,11.521689,13.201281,6.4,1.71,566764945
EAST,0.75,1.351351,15800,11.842,1231700815,6.86,0.43,1.065123,0.02,0.05,6.408024,6.485389,19.917725,2.7,1.71,1664460561
EASTW,4.84,0.414938,183800,884.952,8019155218,65.61,0.7,1.374115,0.01,0.07,2.316638,1.065043,6.787028,0.21,6.93,1663725149
ECF,,,,,,,,,0.011,-2.79,-41.574185,-581.206056,-516.747826,,-0.27,1500846384
EFORL,0.11,0,558764,61.267,439832510.5,10.4,0.74,0.914386,,,5.388212,7.362218,1.878851,,0.15,3998477368
EGATIF,6.05,-0.819672,38805,234.77,12721550000,,0.82,,0.0696,,,,,8.19,7.47,2085500000
EGCO,125,0.401606,74903,9327.326,65544892500,123.44,0.65,1.213338,3.25,2.92,3.327181,0.515514,8.223593,5.22,192.1,526465000
EKH,5.1,0,200,1.02,4363541625,15.05,1.82,0.138208,0.3,0.15,13.332261,12.062951,20.866063,5.88,2.8,855596397
EMC,0.02,0,11101,0.222,251412663.6,,0.31,1.011071,,-0.01,-12.964741,-27.696486,-61.224722,,0.06,12570633180
EMPIRE,,,,,157625000,,1.12,4.377647,,-0.13,-36.434281,-131.13398,-104.595663,,0.22,630500000
EP,1.04,-1.89,11582,12.07,969807380.9,,0.47,2.567501,0.25,0.11,-6.415109,-30.617888,14.732488,,2.21,932507097
EPG,6.4,0,692300,4432.645,17920000000,12.19,1.29,0.549383,0.13,0.16,8.523562,11.066335,12.058708,3.13,4.95,2800000000
ERW,3.64,1.111111,661400,2398.208,17592945944,20.05,1.93,1.649554,0.07,0.09,6.070867,9.839265,11.329289,1.94,1.87,4886929429
ESTAR,0.25,0,500,0.125,1255561546,7.8,0.26,0.46257,0.02,0.01,2.905411,3.299644,4.180656,8,0.98,5022246185
ETC,0.7,0,18900,13.231,1568000000,2.97,0.45,0.059586,0.048,0.03,15.057873,16.303597,19.67569,6.86,1.54,2240000000
ETE,0.64,1.587302,1100,0.704,352800000,,0.37,1.400159,0.03,0.03,2.011675,-1.033521,2.530754,,1.7,560000000
ETL,0.42,2.439024,100,0.042,254200000,,0.45,1.475426,,-0.04,-4.733386,-6.901806,-3.095353,,0.9,620000000
EURO,8,0,40900,327.2,2440000000,14.68,2.53,1.361639,0.25,0.29,10.410364,17.936971,11.546917,3.14,3.17,305000000
EVER,0.06,-14.285714,670100,40.205,339835058.6,,0.23,2.38553,,-0.04,1.287082,-11.172706,-34.914283,,0.3,4854786552
F&D,,,,,744627013,,0.51,0.730709,2.55,-1.33,0.476653,-1.899365,-11.990849,,83.31,17624308
FANCY,0.2,0,196400,39.28,123000000,,0.16,0.036711,,-0.11,-8.725218,-9.051875,-106.331857,,1.24,615000000
FE,,,,,1400860000,13.31,0.96,0.188946,8.5,4.44,7.601028,7.302662,10.295133,4.78,184.7,7870000
FLOYD,1.1,-1.79,230641,252.737,488887150.4,7.86,0.96,0.205031,0.1,0.04,12.119436,12.392024,13.741677,9.09,1.15,444442864
FM,4.16,0.970874,26701,110.022,4069850742,6.07,1.04,0.285039,0.15,0.38,16.294104,17.947694,10.451949,8.5,3.94,987827850
FMT,20.5,0,5942,123.369,984000000,,0.69,1.673154,1,1.33,0.82915,-1.570045,1.580381,,29.66,48000000
FN,0.44,2.33,6100,2.664,440000000,,0.51,0.250902,0.0037,-0.03,-1.611367,-6.685885,-10.449577,,0.86,1000000000
FNS,0.48,-2.04,132160,65.31,240312511.2,,0.27,1.538603,0.2,-0.67,-23.260147,-59.571681,-131.311222,,1.78,500651065
FORTH,14.3,0.704225,219100,3137.77,13282320740,12.74,4.46,2.083184,0.15,0.43,14.020625,40.83355,10.042558,1.48,3.19,935374700
FPI,1.67,2.453988,1000,1.655,2466238792,7.86,0.92,0.857881,0.04,0.12,9.952035,12.075702,12.575372,4.91,1.78,1513029934
FPT,7.05,-0.704225,16600,117.03,16466869675,6.95,0.43,1.663787,0.32,0.91,3.752647,6.318052,22.309182,4.51,16.45,2319277419
FSMART,6.55,0.769231,17300,113.065,4895418450,8.94,2.63,1.017858,0.18,0.36,19.117213,31.653423,21.340289,5.85,2.47,753141300
FSX,1,-1.960784,9300,9.3,1162041663,,0.34,1.018005,,-0.18,-6.785068,-13.631726,-36.422314,,3.04,1139256532
FTE,2.72,0.740741,800,2.164,1781999795,11.64,1.98,0.526107,0.1,0.14,15.277734,17.433264,10.443845,6.3,1.36,659999924
FTI,2.04,2,1000,2.04,900000000,12.81,1.19,0.1928,0.04,0.11,9.864275,9.53882,11.410556,4,1.67,450000000
FVC,0.32,-3.030303,200,0.065,722988354.7,,0.55,0.754216,0.01,-0.05,4.864198,-10.842549,-23.0028,,0.6,2190873802
GABLE,3.92,1.03,509101,1995.096,2744083966,7.16,1.24,1.894389,0.32,0.21,7.958098,17.90275,4.556145,8.16,3.15,700021420
GBX,0.66,1.54,28600,18.614,718790418.7,6.3,0.51,1.573345,0.004,0.06,5.392961,8.446847,12.924667,0.61,1.29,1089076392
GC,5.3,0,200,1.06,2331999279,7.08,2.94,2.187658,0.25,0.53,18.933391,45.69468,7.083263,7.74,1.81,439999864
GCAP,0.25,8.7,83300,20.201,135474335,,0.33,1.14737,0.1,-0.03,-5.391917,-19.25502,-29.645016,,0.76,541897340
GEL,0.05,0,25800,1.033,430602452.7,,0.2,2.105565,,-0.03,-4.932938,-19.924686,-39.883446,,0.24,8612049053
GENCO,0.33,0,5500,1.815,370358216.3,8.07,0.33,0.301186,,0.01,3.59777,4.088532,4.199793,,1,1122297625
GFC,2.12,-0.934579,5300,11.236,470800000,,0.88,0.119004,0.03,-0.05,0.630149,-0.413651,-7.893389,6.07,2.43,220000000
GFPT,11.2,-0.884956,54800,614.72,14168177300,6.22,0.63,0.272585,0.2,0.89,9.396006,10.642699,12.349395,1.77,17.87,1253821000
GGC,5.8,0,41400,238.415,5937266860,42.94,0.65,0.209439,0.1,0.44,0.876013,1.518956,4.037116,,8.95,1023666700
GJS,0.1,0,173220,15.817,2548713490,,0.26,0.219714,,-0.01,-4.856824,-5.731943,-1.998557,,0.39,25487134896
GLOBAL,6.5,0,1113901,7273.937,36412935540,14.12,1.4,0.475513,0.184115,0.31,8.340464,10.159812,10.172403,2.73,4.64,5601990083
GLORY,0.94,1.075269,17799,16.84,251549283,,1.59,0.166058,0.06,,-11.527733,-17.485272,1.385116,,0.59,270483100
GPI,1.8,1.12,38700,69.195,1080000000,10.98,1.19,0.154461,0.11,0.37,12.326389,10.795905,29.400534,9.44,1.52,600000000
GPSC,50.75,4.102564,6275840,316206.741,1.37462E+11,20.28,1.3,1.212462,0.55,1.25,4.832536,6.318832,9.634412,2.97,37.44,2819729367
GRAMMY,4.38,0.458716,9100,39.758,3574980818,52,0.78,0.645311,0.05,0.29,3.411027,1.516442,8.646606,,5.6,819949729
GRAND,,,,,186822400.5,,0.47,24.624513,,-0.03,-6.311801,-133.601854,-36.09934,,0.04,9341120023
GREEN,0.79,-1.25,301200,240.958,646239535.9,43.02,0.86,0.244109,,0.03,2.824369,2.007616,25.345206,,0.92,818024729
GSTEEL,,,,,,,,,,-0.02,-9.933902,,-6.236016,,-0.07,28928765432
GTB,0.79,0,1000,0.79,758400000,9.44,0.9,0.383905,0.06,0.04,8.871402,9.599864,7.547898,7.59,0.88,960000000
GTV,0.04,0,20100,0.604,525238249.8,6.21,0.23,0.383259,,0.01,0.93561,3.666324,88.763443,,0.18,13130956245
GULF,59.75,0.843882,2437296,145523.134,8.85185E+11,11.82,2.8,1.347406,3.25,1.44,12.286494,23.784162,26.858268,5.49,21.12,14939837683
GUNKUL,4.98,1.219512,7013614,34807.493,43702052392,22.43,2.84,1.20936,0.1,0.12,8.797671,13.28608,19.190903,2.36,1.73,8882530974
GYT,,,,,1361600000,7.12,0.35,1.405741,8,12.33,3.058457,4.920359,2.843158,4.35,529.94,7400000
HANA,51.25,0,2638331,134747.293,45375041325,77.26,1.71,0.218771,0.75,0.49,2.004707,2.197512,4.03479,1.95,30.01,885366660
HANN,0.8,0,21300,16.828,448000000,72.17,1.46,0.396574,,0.01,2.740039,2.493943,2.182919,,0.55,560000000
HARN,1.99,0.51,179500,356.641,1163155000,12.16,0.85,0.328864,0.12,0.09,6.884329,7.039294,7.822133,6.03,2.35,584500000
HENG,0.87,0,26705,23.233,3314700000,54.93,0.65,0.549698,0.0262,0.02,3.141297,1.186376,11.287978,3.01,1.33,3810000000
HFT,4.06,0,10000,40.6,2673243258,12.46,0.71,0.137055,0.27,0.18,5.539436,5.746428,8.855122,6.65,5.68,658434300
HL,4.48,0.44843,100,0.448,1213120000,18.7,1.27,0.588203,0.22,0.07,6.175056,6.437665,1.667431,5.1,3.52,272000000
HMPRO,6.4,0,1082337,6917.952,84167667360,13.97,3.19,1.609569,0.16,0.23,12.029255,22.982382,8.514383,5.97,2.01,13151198025
HPT,,,,,,,,0.441122,0.015,0.02,3.801455,3.405696,3.624188,,0.5,662079341
HTC,15.1,0,23100,348.81,6069007100,11.16,1.4,0.752067,0.37,0.75,9.553225,12.73628,6.665302,6.56,10.76,401921000
HTECH,5.4,-0.917431,132200,728.05,1753717334,31.04,1.24,0.217675,0.1,0.23,6.681842,4.100109,13.675599,2.91,4.4,321782997
HUMAN,4.46,0,29800,131.804,3868798349,11.4,1.09,0.17857,0.14,0.17,10.516027,9.576583,17.836945,7.18,4.08,867443576
HYDRO,0.07,0,1510300,110.723,170857823.9,,3.11,10.550899,,-0.04,1.979477,-18.84219,-111.954853,,0.02,2440826056
I2,0.7,0,61500,43.248,294000000,13.89,0.47,1.875392,0.022,0.01,1.162608,3.397181,1.020119,3.14,1.5,420000000
ICC,24,-1.64,17200,412.8,12000000000,43.67,0.4,0.166058,0.7,0.56,0.630735,0.924295,6.173889,2.92,59.77,500000000
ICHI,13.3,0,205086,2727.644,17290000000,13.6,3.13,0.245802,0.45,0.46,19.016227,22.638191,14.560568,8.27,4.25,1300000000
ICN,2.08,-0.952381,39500,82.16,1411410930,8.41,1.5,2.467456,0.09,0.18,8.007066,18.519084,5.813629,7.14,1.4,672100443
IDG,1.36,3.030303,73100,101.899,132000000,145.77,1.11,0.484969,0.0735,-0.01,0.579443,1.052881,-1.292772,5.57,1.19,100000000
IFS,1.78,-0.56,24932,44.142,878429955.5,7.56,0.48,1.356205,0.104,0.09,4.874389,6.423824,19.130681,5.84,3.73,493499975
IHL,1.37,0,106708,143.889,812143722.7,13.12,0.47,1.360863,0.08,0.07,3.585772,3.578375,3.601972,5.84,2.93,592805637
IIG,1.43,0,264400,384.166,176428548,,0.89,3.95612,0.4,-0.27,-20.260622,-83.468431,-11.369455,,1.62,123376607
III,4.76,0.421941,5500,26.18,3828749789,8.14,0.88,0.248442,0.15,0.3,9.637594,11.180616,17.639053,5.27,5.37,807753120
ILINK,4.82,-0.413223,4100,19.762,2631180453,,0.72,0.285949,0.31,0.27,-5.653375,-12.401633,8.132735,6.4,6.76,543632325
ILM,13.6,0,7100,96.56,6868000000,9.03,1.07,1.097294,0.25,0.79,8.779019,12.052609,7.830539,7.35,12.74,505000000
IMH,3.24,1.25,1100,3.564,758407772.8,,1.27,2.195038,0.14,0.23,0.527706,-10.005846,11.657905,,2.52,237002429
IND,0.89,2.298851,300,0.263,304500000,8.47,0.59,1.012503,0.073,0.04,4.465445,7.071993,3.207471,8.39,1.47,350000000
INET,3.86,0,800,3.088,2303417431,7.38,0.63,4.452662,0.126,0.3,8.248079,8.765138,10.275521,3.26,6.16,596740267
INGRS,,,,,,,,2.710854,0.023,-0.19,1.296625,-24.166665,-2.522941,,0.69,1446942690
INOX,3.86,-0.52,2314,8.956,3009143713,18.62,0.33,0.299939,0.023,0.19,1.781972,1.772802,2.052598,,11.79,779570910
INSET,4.72,0.854701,446300,2098.57,3803777785,30.89,2.6,1.169757,0.05,0.13,6.47012,8.604989,7.642161,0.86,1.8,812773031
INSURE,,,,,540000000,,0.38,3.809988,10,-12.86,-0.706306,-2.844986,-5.3735,,117.42,12000000
IP,4.9,-0.406504,200,0.98,2978294817,21.71,1.43,0.391684,0.073,0.11,6.695263,6.732829,7.016721,1.48,3.44,605344475
IRC,12.9,-0.77,700,9.03,2479479330,9.92,0.58,0.264486,0.493,1.11,5.917772,5.96809,6.268812,3.82,22.12,192207700
IRCP,0.29,0,256200,72.857,180809607.5,,0.43,1.445083,0.025,,-14.966247,-35.995041,0.3424,,0.68,623481405
IROYAL,4,0,60300,241.01,920000000,6.05,1.54,0.065325,0.1304,0.29,26.69706,26.60978,28.586877,10.75,2.6,230000000
IRPC,3.04,1.333333,9507602,28612.004,61303257738,5.8,0.8,1.749147,0.04,0.53,8.094089,14.802391,6.443838,0.33,3.75,20434419246
IT,7.15,0.704225,4000,28.6,2601431899,8.81,1.82,2.158603,0.16,0.55,10.036072,22.167741,3.476628,4.08,3.89,366398859
ITC,16.7,0.60241,934501,15597.497,49800000000,15,2.09,0.181871,0.55,0.57,12.878889,14.035833,17.160526,5.12,7.93,3000000000
ITD,0.43,2.380952,68773870,29933.563,2217544956,,0.77,25.325651,,-0.1,-6.398729,-113.815021,-3.25129,,0.55,5279868944
ITEL,1.57,1.290323,81500,126.741,3231980745,,0.64,0.915948,0.0696,0.03,-0.087611,-3.392744,4.004818,,2.51,2085148868
ITNS,2.54,-0.78125,28000,71.46,535040000,13.45,1.2,0.450435,0.167,0.06,8.458974,8.988524,3.640352,6.52,2.13,209000000
ITTHI,1.21,1.680672,21900,25.845,321538000,18.24,0.9,0.324347,0.1,0.03,5.190324,4.882699,2.477702,8.4,1.32,270200000
IVF,0.71,-2.74,1252700,892.059,312400288.3,,0.61,0.138659,0.024,-0.04,-4.491994,-4.407128,-51.515053,,1.16,440000406
IVL,28.25,1.801802,2451810,68307.357,1.55804E+11,,1.18,2.909223,0.2,0.48,2.513,-1.795565,1.664599,2.52,23.58,5614551908
J,0.78,1.298701,600,0.465,1124763084,,0.39,1.120722,0.03,-0.08,-8.936488,-23.614287,-31.962738,,1.97,1460731278
JAK,1.13,-1.74,33700,37.27,361600000,5.26,0.68,0.52734,0.055,0.12,12.282866,13.517371,16.026423,4.87,1.67,320000000
JAS,0.76,0,3653000,2763.783,6301976776,,1.22,1.226418,0.6,-0.18,-10.335262,-28.976522,-53.023173,,0.63,8292074705
JCK,0.17,0,19200,3.173,646467049.7,,0.26,2.831847,,-0.05,1.248978,-11.061833,-46.338107,,0.66,3802747351
JCT,,,,,1144125000,9.14,0.79,0.140278,4.8,5.54,9.198821,8.806763,16.127453,5.66,107.43,13500000
JDF,2.06,0,2400,4.904,1236000000,10.75,1.68,0.18603,0.18,0.09,15.461905,15.673944,13.649222,8.74,1.23,600000000
JMART,9.5,0.529101,142500,1354.59,13834538613,,0.76,0.71381,0.135,0.26,2.772752,-0.200758,7.327613,3.81,12.39,1463972340
JMT,9.95,0.505051,302900,3016.045,14451421852,15.39,0.54,0.333378,0.27,0.33,4.084397,3.476622,21.622626,6.77,18.49,1459739581
JPARK,2.94,-1.34,93803,278.329,1176000000,13.07,1.45,0.618116,0.1,0.12,9.585148,11.397024,14.029047,3.4,2.03,400000000
JR,1.9,2.150538,13600,25.515,1413600000,32.22,0.84,0.998306,0.055,-0.05,2.051692,2.597985,-6.360618,2.96,2.22,760000000
JSP,1.7,-0.584795,10000,17,811523137.1,18.91,0.91,0.572471,0.0212,0.02,6.347021,4.802258,2.434567,5.85,1.88,474574934
JTS,22.6,2.727273,146901,3296.253,15372084200,,19.1,2.369176,,-0.09,-0.989433,-16.728382,-5.918239,,1.15,698731100
JUBILE,7.55,0,20100,150.755,1315762094,11.42,0.74,0.262369,0.13,0.32,6.848834,6.655109,9.469682,3.18,10.14,174273125
K,0.93,0,20300,18.754,469843872.5,21.82,1.47,0.909925,0.03,-0.03,7.275982,6.660807,-4.179301,5.91,0.63,505208465
KAMART,7.45,2.054795,157267,1160.467,9368313183,14.23,2.66,0.419185,0.11,0.23,16.426218,18.809974,16.639425,6.04,2.74,1283330573
KASET,0.63,0,200,0.126,190799406,,0.9,1.956275,,-0.1,-7.579123,-27.503271,-16.978902,,0.7,302856200
KBANK,229,-0.434783,1763927,403988.667,5.44945E+11,10.56,0.94,5.859576,2,11.87,2.386797,8.907335,25.085156,6.09,245.12,2369327593
KBS,6.55,0,900,5.895,3930000000,14.05,0.75,1.532513,0.5,1.03,4.431498,5.307356,9.629175,7.63,8.78,600000000
KC,0.03,0,100,0.003,155264616.7,,3.34,15.908053,,-0.01,-16.6435,-134.733533,-787.614274,,0.01,5175487222
KCAR,4.8,0,18800,90.108,1200000000,7.82,0.47,0.972435,0.16,0.32,5.116552,6.065231,7.221434,6.88,10.26,250000000
KCC,2.5,0,108200,268.772,1545835793,3.31,0.91,0.877598,0.065,0.54,23.319435,31.026404,61.159771,4,2.76,618334317
KCE,76.5,-1.607717,2496209,191570.334,91907388339,98.73,7.09,0.433713,0.6,0.43,6.079702,7.044227,7.592819,1.54,10.97,1182088596
KCG,10.1,-0.980392,13900,140.82,5559000000,9.95,1.74,0.892358,0.17,0.51,12.008817,18.227139,6.737697,5,5.86,545000000
KCM,0.28,0,17100,4.688,190400000,,0.48,0.524479,0.0045,0.01,0.137013,-1.66798,2.516967,,0.58,680000000
KDH,,,,,1637967097,10.41,1.75,0.208054,2.7,4.38,17.841888,17.757026,14.797541,3.2,48.37,19384226
KGEN,1.58,0.636943,167500,265.253,3494390095,,2.67,0.699018,,-0.01,-1.942814,-4.068092,-3.377444,,0.59,2225726175
KGI,4.68,-0.425532,229900,1080.474,9361286711,7.57,1.14,1.983367,0.31,0.36,7.475374,15.61573,29.692864,6.6,4.13,1991763130
KIAT,0.33,-2.941176,100,0.033,1050738951,47.21,0.96,0.122806,0.02,0.01,2.488306,1.948704,6.581339,6.07,0.36,3090408680
KISS,3.26,0,63200,206.036,1956032600,10.33,1.91,0.376788,0.06,0.13,19.55611,18.605607,12.425454,7.11,1.71,600010000
KJL,6.25,0.806452,1000,6.25,1438386360,12.92,2.07,1.334925,0.15,0.28,9.825315,16.118384,9.92851,7.26,2.99,231997800
KK,0.96,2.12766,400,0.38,227009964.3,5.51,1.08,1.705965,0.015,0.05,10.670316,21.467851,2.157603,1.6,0.87,241499962
KKC,,,,,,,,,,-0.78,-13.927587,,-55.149893,,-1.81,1500000000
KKP,111,0.452489,210848,23401.514,98944341503,12.65,1.38,6.601117,3.25,4.94,3.318806,11.354213,24.561904,4.99,80.2,895423905
KLINIQ,30.5,5.172414,213324,6419.194,6380000000,15.11,3.47,0.867193,0.88,1.06,17.043081,23.595826,10.475138,5,8.37,220000000
KOOL,0.27,0,7100,1.917,607500000,13.94,0.45,0.308666,0.0125,0.01,3.761352,3.181519,7.383717,4.63,0.6,2250000000
KSL,1.85,0,240900,441.881,8158930345,,0.38,1.200184,0.04,0.08,0.086672,-2.763346,2.866283,2.16,4.9,4410232619
KTB,42,0.598802,835939,34906.536,5.83501E+11,11.69,1.29,7.148537,0.48,1.76,2.742958,11.127614,30.532074,6.4,32.39,13976061250
KTC,34.5,-1.428571,1090751,37929.872,90241692450,10.71,2.05,1.430186,1.77,1.71,11.902432,20.019536,32.433742,5.06,17.06,2578334070
KTIS,1.9,0,5500,10.45,7334000019,,1.49,2.281917,0.05,-0.09,-3.802988,-14.20432,-2.916536,,1.28,3860000010
KTMS,1.34,2.29,200504,271.865,402000000,11.13,0.73,0.573477,0.013,0.04,6.435004,6.775553,3.686078,0.97,1.83,300000000
KUMWEL,2.14,0,1100,2.354,920200000,9.29,1.41,0.627306,0.06,0.15,14.057159,15.950421,12.325921,2.8,1.52,430000000
KUN,0.54,1.886792,8400,4.453,434273664.7,559.54,0.5,2.239819,0.01,0.01,0.510239,0.089954,3.886356,,1.05,819384273
KWC,,,,,1680000000,16.95,2.02,0.174423,11.5,8.18,13.049336,12.13593,25.566977,4.11,138.62,6000000
KWI,,,,,,,,9.298755,,-0.35,-6.062231,-94.86774,-35.275176,,0.55,2901474844
KWM,0.8,0,41714,32.969,390836394.4,29.15,0.75,0.173914,0.0307,0.01,2.166576,2.57351,3.371958,3.84,1.07,488545493
KYE,282,0.36,1200,338,5583600000,9.75,0.61,0.162166,16,-2.49,5.275259,5.923198,-3.879757,5.67,465.35,19800000
L&E,1.01,0,700,0.711,496960474.7,,0.5,1.798136,0.04,-0.09,2.284777,-0.22221,-4.121188,3.96,2.03,492040074
LALIN,4.2,0,100,0.42,3884997652,9.47,0.4,0.825824,0.11,0.18,3.10386,4.291977,13.383091,7.14,10.41,924999441
LANNA,14.7,0,200,2.94,7717495281,9.03,0.9,0.374114,0.5,1.09,13.642863,10.204111,11.928952,6.8,16.33,524999679
LDC,0.22,-8.333333,60000,13.205,144000000,,0.64,1.179806,0.011,-0.01,0.033019,-7.942416,-3.568201,,0.37,600000000
LEE,2.44,0,212920,520.563,2174015600,10.9,0.78,0.126426,0.2,0.08,7.396271,7.190953,5.377661,8.2,3.12,890990000
LEO,1.84,-1.6,25015,46.363,579714448,61.86,0.67,1.398557,0.06,0.05,1.859844,1.07958,1.319874,3.26,2.74,315062200
LH,3.48,0,2793389,9721.085,41585001852,15.26,0.81,1.704665,0.12,0.1,3.36566,5.274994,13.112962,7.18,4.31,11949713176
LHFG,1.21,-0.819672,68100,82.401,25844065925,7.82,0.61,9.086062,0.02,0.07,2.60149,8.030434,19.631268,4.92,1.99,21183660594
LHK,3.54,0,800,2.832,1355820000,10.34,0.95,0.436502,0.14,0.11,10.413464,9.26411,6.873114,7.34,3.74,383000000
LIT,0.68,-2.86,78030,52.748,301193255.4,38.78,0.54,1.012717,0.18,0.01,4.612877,1.407009,3.039462,,1.26,442931258
LOXLEY,1.75,-1.129944,844600,1485.693,4008970208,5.9,0.61,0.9384,0.08,0.16,7.612599,10.754737,6.335922,4.52,2.91,2264954920
LPH,3.6,0,700,2.52,2592000000,13.57,1.32,0.38266,0.05,0.12,8.189109,9.818927,8.388398,5,2.72,720000000
LPN,1.55,-1.273885,6900,10.707,2283092066,,0.19,0.944838,0.05,-0.01,1.204705,-0.213814,-0.403433,6.49,8.38,1454198768
LST,4.64,-0.43,46401,215.328,3804800000,7.41,0.68,0.57341,0.22,0.26,8.254884,9.495254,3.543243,4.74,6.78,820000000
LTMH,10.7,-0.925926,11100,117.7,2160000000,105.27,6.09,0.270677,0.15,-0.01,7.660843,5.653587,-1.291666,1.4,1.77,200000000
LTS,2.6,1.5625,60700,156.554,610816000,,1.29,0.780303,,0.08,-2.414103,-5.932282,6.505145,,1.98,238600000
M,20,-0.497512,14813,297.19,18509649810,25.46,1.41,0.41511,0.4,0.43,4.784001,5.513765,4.45175,4.98,14.21,920878100
M-CHAI,18.5,-2.12,901,16.669,2960000000,18.14,1.32,2.260508,0.4,0.45,5.051639,7.444073,2.915479,2.16,13.97,160000000
M-PAT,1.6,0,300,0.489,168000000,,0.29,,,,,,,,5.51,105000000
MADAME,1.09,0.925926,100,0.109,872433548.3,,1.08,0.558802,,0.07,-9.086145,-18.201753,6.909247,,3.04,807808841
MAGURO,17.6,0,10300,181.28,2217600000,14.06,2.97,1.654182,0.29,0.59,14.03105,22.109383,6.460413,4.03,5.93,126000000
MAJOR,7.45,0,115700,866.34,5082749850,8.14,1.13,1.71469,0.25,0.21,7.495055,13.526354,4.546078,3.46,6.59,682248302
MALEE,3.82,0.526316,28100,107.604,2073778845,25.09,0.83,1.075611,0.1,0.07,3.988635,3.341087,0.88953,,4.6,545731275
MANRIN,,,,,565017180,14.22,1.16,0.269661,0.25,0.66,8.635783,8.418427,10.457967,1.19,18.12,26905580
MASTEC,1.82,0,19600,35.767,546000000,10.71,1.39,1.367837,0.14,0.11,8.997646,15.269952,6.294253,7.69,1.31,300000000
MASTER,8.1,-0.613497,38100,310.26,2458950648,11.42,0.71,0.225921,0.4,0.42,6.823178,6.316304,13.916259,4.91,11.46,301711736
MATCH,,,,,633119273.7,,0.52,0.135973,,-0.03,-2.473815,-3.679479,-17.730169,,1.55,781628733
MATI,,,,,589410456,,0.46,0.224425,0.1,-0.12,-4.201733,-6.306114,-9.490117,3.14,6.85,185349200
MBAX,2.04,0,5300,10.908,405506273.4,6.84,0.76,2.028136,0.1,0.19,6.134431,11.49179,5.016595,4.9,2.69,198777585
MBK,19.6,1.030928,13377,260.91,38443013344,8.21,1.27,1.162378,0.6,1.55,9.110903,17.065928,40.631063,5.67,15.27,1981598626
MC,11.4,0,519500,5923.91,9028800000,12.88,2.44,0.492296,0.52,0.89,16.466468,18.914685,15.778272,7.72,4.67,792000000
MCA,1.27,-0.78,11500,14.608,292100000,22.95,0.94,0.409246,0.044,0.02,4.72227,4.132229,1.091762,3.46,1.34,230000000
MCOT,5,0,46600,234.1,3435496050,,0.52,0.557117,,-0.19,-2.580302,-4.359516,-27.107904,,9.62,687099210
MCS,7.65,0,9100,69.615,3649050000,4.86,0.91,0.38218,0.7,0.53,13.173486,18.735625,12.10297,12.42,8.42,477000000
MDX,3.64,0.552486,15000,54.6,1721647174,4.62,0.34,0.082509,,0.37,7.129588,8.760455,160.634786,,10.66,475593142
MEB,10.4,0,10500,109.2,3120000000,8.2,2.3,0.240042,1.1,0.64,28.211515,28.539294,19.196539,10.58,4.53,300000000
MEDEZE,6.05,0,129700,785.77,6461400000,45.66,2.19,0.183981,0.08,0.07,4.750923,4.786807,20.668469,2.64,2.76,1068000000
MEGA,33.25,0,620,20.62,28989661141,13.24,2.8,0.549352,0.85,1.28,18.892153,21.590327,15.977964,4.81,11.86,871869508
MENA,0.79,1.282051,8200,6.478,572520000,8.37,0.57,0.433175,0.015,0.05,6.050721,6.979938,7.958453,1.92,1.37,734000000
META,0.04,-20,210600,8.53,153474553,,0.13,1.621363,,,-17.470612,-41.404365,-7.751585,,0.39,3069491060
METCO,300,-0.33,1174,352.266,6269430000,5.76,0.85,0.375073,30,36.17,13.884698,15.221218,6.274991,10,352.14,20898100
MFC,25,-0.990099,4800,120,3171796627,8.98,2.04,0.515107,1.25,2.08,22.008963,25.326607,24.050157,4.95,12.39,125615708
MFEC,6.25,0.81,127700,796.025,2759084719,9.49,1.08,1.327257,0.5,0.34,6.536523,11.595498,4.809691,8,5.77,441453555
MGC,7.25,3.571429,3567200,25572.305,7840000000,4.21,1.37,2.137254,0.24,0.61,16.253481,37.617291,4.573322,3.57,5.12,1120000000
MGI,4.8,0.42,33719,161.854,1008528898,17.73,2.08,0.940858,0.25,0.03,9.347344,11.699508,1.822134,5.21,2.31,210110187
MGT,2.18,-2.68,37800,83.946,872000000,7.39,1.18,0.486947,0.03,0.17,15.060337,16.892487,12.191128,3.9,1.85,400000000
MICRO,1.26,1.612903,22200,27.972,1159400000,12.67,0.64,0.577382,0.027,0.07,5.900101,5.117277,27.42767,2.18,1.95,935000000
MIDA,0.45,2.272727,60200,26.991,1101803222,,0.36,1.60343,,0.03,0.070089,-8.668649,3.23096,,1.22,2504098232
MILL,,,,,,,,39.475881,0.01,-0.07,-3.593981,-199.244092,-32.89816,,0.01,9470894571
MINT,20.5,0.985222,588017,12000.289,1.15101E+11,12.06,1.38,3.090287,0.3,0.56,6.355878,11.13868,5.077456,3.46,14.7,5669976977
MITSIB,0.63,0,50000,31.5,864762462.3,14.5,0.7,0.646541,0.02,0.02,5.829906,4.913032,10.601132,3.17,0.9,1372638829
MJD,0.31,-3.125,53600,16.617,275331820.5,,0.13,4.835099,,-0.09,-5.866712,-58.898212,-5.001413,,2.54,860411939
MK,0.55,1.851852,5000,2.75,769072233.1,,0.17,2.836292,0.11,-0.35,0.172173,-16.550391,-83.770847,,3.13,1424207839
ML,0.41,2.5,27000,11.17,1289455973,,0.64,0.68112,0.11112,-0.01,1.165484,-1.799727,-7.272677,,0.62,3223639932
MMM,2.64,0,6013,15.846,958320757.7,6.76,1.85,0.0738,0.06,0.19,31.071649,26.62787,15.648837,4.85,1.43,363000287
MNIT2,4.96,0,300,1.492,498331200,,0.58,,0.085,,,,,7.46,8.53,100470000
MODERN,1.99,0,22700,45.173,1492500000,15.15,0.66,0.527788,0.15,,4.181592,4.37065,0.238201,7.54,3,750000000
MONO,0.5,2.040816,152100,76.049,1700816479,,172.79,237.404145,,,-13.903601,-191.48395,-0.637688,,,3471054038
MOONG,2.3,0,263900,607.998,776124111.8,12.11,0.77,0.291177,0.16,0.08,5.198952,6.30769,6.060667,9.93,3.01,337445266
MORE,0.1,-9.090909,511300,51.243,789442328.5,44.12,0.76,0.078676,,,2.580653,1.748785,17.490356,,0.14,7176748441
MOSHI,34.25,-0.724638,200,6.85,11384998413,15.54,4.25,0.884447,0.64,1.07,21.013047,29.138513,18.114959,3.54,8.12,329999954
MOTHER,1.02,-0.97,94000,95.89,291720000,11.39,1.08,0.990984,0.034,0.05,7.367118,9.76125,1.865972,3.33,0.95,286000000
MPJ,4.46,0.9,46601,206.02,892000000,7.1,1.2,1.108295,0.34,0.37,12.281591,17.560288,12.174659,7.62,3.72,200000000
MRDIYT,8.55,1.183432,306600,2599.84,50844469650,17.59,4.87,0.862499,0.065,0.24,23.17136,36.074511,12.669068,1.3,1.73,6017097000
MSC,5.75,0,7302,41.977,2070000000,12.72,0.91,1.272092,0.35,0.36,4.91727,7.220355,2.446671,6.09,6.31,360000000
MST,7.55,-0.657895,2400,18.13,4338190200,12.56,0.83,2.041221,0.14,0.45,4.623813,6.718093,19.150187,3.82,9.18,570814500
MTC,27.75,0.909091,89558,2475.82,58300000000,8.06,1.27,3.240715,0.29,1.76,8.229942,16.907259,23.207392,1.05,21.71,2120000000
MTI,20.2,0,100,2.02,11918000000,11.44,1.36,2.328254,0.81,1.13,4.495775,12.768471,6.417505,4.01,14.9,590000000
MTW,0.96,1.052632,20100,19.096,835296640,,1.18,0.423774,0.0301,0.01,-0.369308,-2.021136,4.649018,3.17,0.81,879259621
MUD,0.71,-1.39,100,0.071,747904592.5,,0.93,3.264156,,-0.23,-18.483022,-63.767839,-24.096767,,0.77,1053386750
MVP,,,,,,,,6.214532,,-0.36,-42.984567,-156.483756,-35.573744,,0.08,337259283
NAM,3.18,1.273885,10200,32.044,2198000000,27.03,1.09,0.375662,0.03,0.05,4.333552,4.032501,4.979574,4.14,2.88,700000000
NAT,2.94,-0.675676,1505800,4420.498,970880000,,1.45,0.340214,0.13,-0.02,0.30491,-0.582716,-1.875611,,2.04,328000000
NATION,0.04,33.333333,2500,0.1,530813617.7,,6.56,8.882511,,,-0.839538,,-4.670449,,,17693787256
NC,1.74,0,1700,2.949,265349819,,0.56,0.644555,0.01,0.01,0.806704,-0.355834,0.364845,0.57,3.13,152499896
NCAP,3.12,0.645161,59600,185.984,4185000000,6.44,0.75,1.031698,0.0411,0.28,9.6605,12.374233,32.352262,1.33,4.12,1350000000
NCH,0.42,2.439024,1200,0.494,510566313.3,,0.18,0.599887,0.05,-0.03,-1.636386,-3.944734,-8.79316,,2.32,1245283691
NCL,0.09,0,272000,24.48,64731059.37,,11.42,87.182086,,-0.07,-16.529736,-299.188003,-27.809412,,0.01,719233993
NCP,0.92,2.222222,200,0.184,174960000,9.44,1,0.311545,0.0045,0.05,10.320307,10.505268,8.607101,11.57,0.9,180000000
NDR,1.75,1.156069,1500,2.635,790422519.9,15.64,0.78,0.323897,0.035,0.08,5.519762,5.127144,6.346947,2.02,2.22,456891630
NEO,26.75,0,75500,2019.625,8025000000,15.16,1.59,1.529,1.35,1.01,6.426738,10.563255,5.314552,5.05,16.86,300000000
NEP,0.2,0,50000,10,465076117.6,9.97,0.74,0.020382,,0.02,7.611255,7.754761,145.856736,,0.27,2325380588
NER,4.64,0.4329,263300,1220.924,8536907495,6.04,0.86,1.156793,0.05,0.37,9.537689,14.870926,4.810705,6.71,5.37,1847815475
NETBAY,11.5,0,10800,124.21,2300000000,11.86,5.49,0.374328,0.8,0.37,38.213129,43.897567,26.30878,10.43,2.1,200000000
NEW,,,,,927500000,22.82,1.77,0.220415,1.6,1.75,8.286593,7.923691,7.64674,1.73,52.5,10000000
NEX,0.89,0,386100,343.83,5515924377,,1.31,0.483236,,-0.04,-18.650706,-24.477509,-41.236568,,0.68,6197667839
NFC,,,,,,,,3.048656,0.18,0.19,7.557526,13.980322,13.488106,,1.87,1087833099
NKI,,,,,845000000,,0.42,1.441773,1.5,2.22,-1.762672,-3.957099,5.295455,,39.84,50000000
NKT,3.66,-0.543478,1400,5.124,1968800000,16.93,1.01,0.436872,0.18,0.04,6.781567,6.008932,1.932203,4.89,3.63,535000000
NL,0.64,-1.54,24400,15.659,320000000,,0.43,0.608949,0.04,-0.06,-2.580064,-3.78828,-5.486531,,1.5,500000000
NNCL,1.77,0,100,0.177,3625411106,6.37,0.88,0.304792,0.07,0.19,13.827531,14.410488,32.530735,6.21,2.01,2048254862
NOBLE,1.46,0,5700,8.307,1999343989,10.15,0.31,2.515838,0.104,-0.27,3.489554,3.132517,-14.074631,,4.66,1369413691
NOVA,,,,,662356415.6,,0.56,2.461915,1.11,-0.63,0.860599,-9.538702,-20.048824,,10.07,117231224
NPK,,,,,125000000,12.81,0.28,0.130955,0.25,-0.21,3.016449,2.207604,-1.600866,2,44.58,10000000
NRF,0.21,0,1000,0.21,315803726.9,,0.39,4.3263,0.03,-0.04,-5.220903,-29.712657,-5.183011,,0.54,1503827271
NSL,21.7,-0.458716,5210,113.054,6540000000,11.24,2.81,0.781294,0.5,1.04,19.295633,26.535727,8.317895,4.82,7.76,300000000
NTF,12.8,-0.775194,18800,242.36,2580000000,7.58,3.65,0.827707,0.1145,1.38,39.417176,55.465898,10.393815,0.89,3.54,200000000
NTSC,7,1.449275,100,0.7,919997810.4,7.2,0.8,0.251165,0.3,0.5,11.601614,11.542947,10.474216,4.35,8.64,133333016
NTV,18.9,0,1200,22.68,3024000000,13.37,1.11,0.119018,1.04,0.51,8.526941,8.365751,7.591838,5.5,17.08,160000000
NUT,4.74,-0.420168,12500,59.65,571200000,12.02,1.12,0.363227,0.4,0.27,9.31386,9.121744,5.795884,11.13,4.24,120000000
NV,0.63,-1.5625,11200,7.067,384000000,,0.34,0.105353,0.35,-0.04,-3.439026,-3.9773,-4.975166,,1.87,600000000
NVD,0.77,-1.28,5500,4.231,1425964191,8.15,0.25,1.689922,0.026,,2.386715,3.154293,0.987451,,3.04,1851901547
NWR,,,,,,,,,,-0.22,-10.710982,,-13.620033,,-1.5,2585481515
NYT,3.88,-0.512821,29700,115.25,4836000000,7.25,1.47,1.013352,0.5,0.19,14.823205,20.418296,22.973324,12.82,2.65,1240000000
OCC,9.3,-4.123711,300,2.79,582000000,,0.56,0.174913,0.05,0.08,0.308239,-0.043994,1.150279,0.52,17.17,60000000
OGC,,,6,0.052,187710292,,0.11,1.266045,0.57,-4.39,-2.426468,-7.653167,-11.954541,,79.53,21330715
OHTL,,,73,19.418,3925428000,10.75,1.3,0.912874,,14.82,8.84964,12.85482,15.266019,,200.47,15097800
OKJ,3.62,-1.092896,95900,349.202,2228940000,,1.38,0.457375,0.07,-0.09,-3.039799,-4.337577,-4.768938,1.91,2.65,609000000
ONEE,2.88,0,3400,9.792,6858000000,13.33,0.98,0.544363,0.02,0.05,5.603646,7.427715,2.836816,6.25,2.93,2381250000
ONSENS,0.96,0,15600,14.873,288000000,18.15,0.71,1.415762,0.019,0.03,4.332655,4.913485,5.965379,1.98,1.36,300000000
OR,12.1,0.833333,123862,1488.26,1.44E+11,27.01,1.31,1.043837,0.3,0.05,3.550386,4.773713,0.167771,5,9.17,12000000000
ORI,1.71,0.588235,8900,15.161,4172008170,7.68,0.2,1.876226,0.049,0.1,2.26327,2.675504,7.328943,4.12,8.35,2454122453
ORN,0.71,0,13000,9.23,1065000000,4.05,0.39,1.579998,0.02,0.07,5.386406,10.096045,8.983632,2.82,1.81,1500000000
OSP,16.1,-0.617284,397302,6434.982,48660750000,13.34,2.94,0.41976,0.45,0.75,18.713508,21.919285,18.453162,4.94,5.51,3003750000
PACO,1.42,0,1800,2.556,1420000173,12.61,1.5,0.229181,0.05,0.06,9.72487,11.680738,13.890234,10.56,0.95,1000000122
PAF,0.8,-1.234568,8200,6.56,437400000,18.02,0.67,0.924141,0.01,0.05,3.857888,3.884665,2.520882,1.23,1.21,540000000
PANEL,1.22,-1.61,205800,254.057,231800000,30.97,0.81,0.111385,0.033,0.01,3.210183,2.627487,2.734821,2.7,1.5,190000000
PAP,3.1,0,1000,3.1,2046000000,4.76,0.89,0.92664,0.09,0.65,10.892131,20.598124,10.01028,2.58,3.47,660000000
PATO,6,-0.826446,200,1.2,861350600,14.53,1.92,0.235549,0.45,0.23,13.562124,13.219315,13.476336,7.44,3.15,142372000
PB,46.5,-0.53,6130,282.52,20925000000,17.72,1.6,0.077566,0.62,1.23,9.734009,9.201952,16.013041,3.23,29.05,450000000
PCC,3.32,-0.598802,70000,232.4,4096907794,11.55,1.18,0.685496,0.14,0.18,8.270417,10.404446,12.201837,6.59,2.83,1226619100
PCE,2.14,0,300,0.642,5885000000,16,1.16,0.679619,0.08,0.08,5.140828,7.304034,1.813606,3.74,1.85,2750000000
PCSGH,2.92,0,100,0.292,4453000000,10.14,0.84,0.13199,0.1,0.12,7.235934,8.298645,14.394129,9.25,3.48,1525000000
PDG,3.24,0,11500,37.056,962279770,11.8,1.56,0.225043,0.11,0.13,13.677042,13.22624,11.769319,8.64,2.07,296999929
PDJ,1.54,0,54200,83.568,913110327.4,,0.48,0.825199,0.1,-0.02,-4.17654,-10.235394,-0.763035,,3.22,592928784
PEACE,1.57,1.290323,100,0.157,781196393.2,15.32,0.35,0.738873,0.06,0.07,2.036851,2.300921,5.558271,3.87,4.42,503997673
PEER,0.14,0,500,0.07,147689707.1,,0.24,0.464081,,0.02,-23.011856,-29.81765,7.030683,,0.59,1054926479
PERM,0.28,3.703704,8900,2.404,206997848.2,,0.87,14.608183,0.12,-0.06,0.2092,-39.222091,-2.602663,,0.31,766658697
PF,,,,,400443224.2,,0.05,3.990992,0.013,-0.05,-3.180746,-32.264558,-56.348341,,0.8,10011080604
PG,6.65,0.76,2200,14.455,638400000,20.19,0.47,0.115126,0.5,0.19,2.400515,2.323542,5.690799,7.52,14.17,96000000
PHG,9.95,0,40817,406.01,2985000000,12.72,1.43,0.193226,0.7,0.3,11.584961,11.289175,7.482157,7.04,6.96,300000000
PHOL,3.2,-0.62,43424,139.453,648000742.4,8.81,1.53,0.725414,0.12,0.19,13.446556,17.877773,7.143633,7.81,2.09,202500232
PICO,,,,,,,,0.712403,0.05,-0.12,0.366373,0.674466,-4.442471,,1.84,215294559
PIMO,1.22,-1.612903,21100,25.933,939467733.6,8.88,0.79,0.230936,0.026,0.08,9.376499,9.18342,10.859205,3.99,1.56,757635269
PIN,4.2,0.478469,5600,23.5,4848800000,8.7,1.11,0.885413,0.216,0.25,8.555967,13.162393,38.835222,5.17,3.78,1160000000
PIS,6.15,0.819672,20200,122.23,3294000000,11.66,3,2.760055,0.2,0.3,11.943892,27.923741,10.671493,3.28,2.03,540000000
PJW,2,-0.99,29600,59.4,1248128858,9.19,0.81,1.678904,0.11,0.09,5.608714,8.980061,2.589926,5.5,2.48,624064429
PK,0.48,4.347826,503400,240.632,239547889.3,,0.22,1.143417,0.065,-0.12,-1.088142,-8.167889,-8.859918,,2.11,520756281
PL,1.3,0.78,70600,92.723,775462772.5,15.67,0.25,2.781187,0.062,0.05,3.324519,1.622533,2.525878,4.77,5.13,596509825
PLANB,8.35,1.212121,7453657,61993.483,37952305999,33.09,3.12,1.125954,0.0435,0.11,8.673702,10.439183,13.254792,2.56,2.65,4600279515
PLANET,0.39,-2.5,3200,1.27,266133640.8,,0.55,1.57847,,-0.13,-6.241105,-20.896707,-68.77272,,0.74,665334102
PLAT,1.29,0,1200,1.56,3612000000,7.08,0.41,0.503603,0.02,0.11,6.782,5.995336,20.535924,1.55,3.12,2800000000
PLE,0.06,0,292100,17.526,132047716.6,,0.09,8.667425,0.019,-0.14,0.163982,-23.549312,-27.529794,,0.64,2200795276
PLT,0.52,1.96,41005,21.308,499200000,8.74,0.54,0.922853,0.01,0.03,5.699852,6.310999,4.944175,3.85,0.96,960000000
PLUS,1.09,-0.909091,4000,4.36,737000000,,0.64,0.674062,0.06,-0.06,-4.340822,-7.43117,-6.030149,,1.72,670000000
PM,10.9,-0.909091,13100,143.1,6139320000,11.69,3.36,0.865915,0.5,0.41,18.170295,28.690398,7.784288,8.45,3.27,558120000
PMC,0.93,1.086957,149300,137.967,382403039.8,5.29,0.64,0.782493,0.018314,0.09,9.315997,12.247956,8.727948,1.9,1.44,415655478
PMTA,8.3,1.22,10202,86.887,839960000,10.59,0.52,0.637399,0.7,0.14,5.660274,4.988567,0.867183,8.43,15.84,101200000
POLY,7.15,0.7,31401,224.222,3217500000,11.23,2.4,0.14869,0.3,0.32,20.815737,21.656653,22.974536,7.97,2.97,450000000
PORT,0.82,1.234568,25900,21.129,491834160.3,106.55,0.36,1.237751,0.025,0.02,1.982417,0.342852,1.963182,,2.22,607202667
POWER,0.39,2.631579,1000,0.39,1316578381,,0.65,0.438152,,0.02,-60.377863,-84.985483,5.863512,,0.59,3464679949
PPM,1.93,0,66122,125.909,814461376.1,5.21,0.61,0.870412,0.05,0.18,9.660083,12.350254,6.012606,2.59,3.16,422000713
PPP,0.68,0,2100,1.428,204000000,,0.33,0.521739,,-0.33,-12.889306,-22.525609,-36.973785,,2.09,300000000
PPPM,0.39,0,500,0.195,363928856.9,,1.02,1.060245,,-0.01,-29.034388,-58.805802,-1.528144,,0.38,933150915
PPS,0.15,-6.25,20500,3.075,137576822.7,207.91,0.47,0.971833,0.01,-0.01,4.226458,0.228993,-2.755789,,0.34,859855142
PQS,1.27,0,35102,44.29,850900000,,0.43,0.378045,0.03,-0.03,-3.731367,-6.18266,-1.634103,2.36,2.97,670000000
PR9,19,0,63917,1214.421,14939700000,18.47,2.49,0.19261,0.2,0.47,14.338043,13.910033,13.921163,2.63,7.64,786300000
PRAKIT,10.4,-2.8,7480,77.793,628682724.8,,0.94,0.5008,0.9,-0.57,-1.43284,-5.220384,-16.427503,8.65,11.09,60450262
PRAPAT,0.83,0,7500,6.225,355119513.9,8.66,0.62,1.449422,0.04,0.05,5.613494,7.342468,3.702889,4.82,1.33,427854836
PREB,3.4,-0.58,23800,80.916,1049499971,5.04,0.39,1.245879,0.2,0.21,5.51409,8.008033,2.310768,5.88,8.66,308676462
PRECHA,0.28,3.703704,14100,3.948,317520000,,0.88,1.6373,,-0.11,-17.2788,-41.538034,-30.498202,,0.31,336000000
PRG,10.7,0,605,6.444,8180592541,12.36,0.78,0.238712,0.38,0.47,5.493399,6.704089,23.853209,7.09,13.7,764541359
PRI,3.4,-1.16,45200,154.886,1088000000,6.87,0.68,0.38351,0.1875,0.19,10.500592,10.149111,9.251063,14.71,5.03,320000000
PRIME,0.06,0,100,0.006,255269130.9,,0.14,1.8669,,0.04,0.694445,-0.198002,66.064836,,0.43,4254485515
PRIN,,,1,0.001,1659215987,27.99,0.3,1.178901,0.097,0.03,1.590284,1.092639,3.547309,,4.47,1220011755
PRINC,1.67,0,400,0.668,6360312738,,0.75,0.729989,0.012,-0.07,-1.499191,-4.735936,-8.902787,0.72,2.21,3808570502
PRM,8.35,-0.595238,418600,3504.935,18648000000,8.64,1.52,0.821791,0.2,0.53,11.615174,18.243388,26.48855,5.95,5.52,2220000000
PROEN,0.83,2.469136,40100,33.553,317980135.9,,0.58,1.09913,0.12,-0.09,-2.242459,-8.700811,-18.964447,,1.4,392568069
PROS,0.16,6.67,15700,2.359,96000000,,1.86,9.254829,0.03,-0.09,-26.410301,-154.318666,-22.778683,,0.09,600000000
PROUD,1.13,0,13600,15.365,1100635831,4.61,0.61,2.361852,0.09,0.17,6.542979,13.803065,5.369123,7.96,1.85,974014010
PRTR,3.26,0,23001,75.033,1956000000,9.56,1.19,0.453783,0.1,0.17,10.710334,12.55885,2.55841,9.2,2.73,600000000
PSGC,4.88,0.826446,1000,4.88,10772719201,14.41,2,1.031483,,0.22,14.270833,15.000085,8.815728,,2.42,2225768430
PSH,3.76,0,800,3.008,8228778507,,0.21,0.425879,0.05,0.09,0.329629,-1.066325,2.863761,2.93,18.03,2188504922
PSL,9.3,1.086957,858083,7972.597,14345485130,11.13,0.85,0.873719,0.1,0.42,7.174291,7.831749,18.970003,4.36,10.87,1559291862
PSP,7.05,-0.704225,1400,9.87,9940000000,8.82,2.11,1.168577,0.3,0.57,15.697116,25.934277,10.943518,3.94,3.37,1400000000
PT,11.7,2.631579,155800,1826.73,3236333939,11.99,4.37,2.423331,0.45,0.36,12.8441,35.760269,6.667123,8.77,2.61,283888942
PTC,0.58,1.754386,100,0.058,233700000,41.67,0.26,0.016388,0.01,0.01,0.702916,0.632454,7.447084,1.75,2.16,410000000
PTG,8.3,0.606061,139610,1158.034,13777500000,35.52,1.48,4.516681,0.35,-0.08,3.325666,4.198594,-0.065006,4.24,5.58,1670000000
PTL,14,0,24526,343.847,12600000000,18.37,0.63,0.307847,0.12,0.56,3.669686,3.479708,8.522564,0.86,22.09,900000000
PTT,40.5,1.25,11304760,455596.505,1.14252E+12,9.17,0.95,0.978625,1.4,2.76,8.52772,10.621456,7.623349,5.75,42.16,28562996250
PTTEP,148.5,0,1475868,219154.297,5.89543E+11,8.52,1.04,0.815393,4.5,9.83,13.778518,12.694418,22.074739,5.89,142.97,3969985400
PTTGC,54,1.886792,5360971,289565.122,2.38969E+11,34.03,0.77,1.105327,0.6,3.01,2.330832,2.479951,4.42067,0.94,68.41,4508849117
PYLON,3.88,-1.522843,79300,307.464,2954501180,10.14,2.68,0.508609,0.15,0.21,24.44337,27.857523,17.342155,6.09,1.47,749873396
Q-CON,6,0.840336,100,0.6,2380000000,12.92,0.9,0.149949,0.4,0.19,7.579746,7.00151,8.21799,6.72,6.6,400000000
QDC,0.08,-11.11,384600,30.972,29752140.64,,0.24,8.67332,,-0.09,-1.582956,-38.977254,-112.088806,,0.34,371901758
QH,1.33,0,153614,205.03,14250127588,7.37,0.47,0.388237,0.02,0.09,5.17361,6.428405,26.555004,6.83,2.85,10714381645
QLT,,,,,175451903.3,,0.65,0.275684,0.031,-0.07,-0.205324,-0.427923,-4.057988,1.74,2.75,98568485
QTC,5.1,-0.970874,1900,9.69,1756626669,20.32,1.14,0.804912,0.2,0.15,4.987457,5.6264,4.342629,3.88,4.52,341092557
QTCG,0.14,0,500,0.07,399236390,,1.37,3.714189,,-0.05,-7.976788,-45.09669,-41.186288,,0.1,2851688500
RABBIT,0.31,3.333333,1300,0.393,2245349303,6.94,0.3,0.854854,,0.05,4.691362,4.388817,12.045681,,1.01,7484497675
RAM,17.2,0,24526,421.87,20640000000,7.44,0.9,0.567238,0.1,0.49,8.093665,13.484838,6.592498,0.58,19.1,1200000000
RATCH,37.75,2.027027,547310,20469.725,80474999445,14.44,0.8,1.146949,0.7,1.21,4.998818,5.696805,13.567392,4.32,46.3,2174999985
RBF,5.1,0.990099,196200,989.405,10100000000,18.51,2.11,0.215011,0.21,0.16,10.444912,11.281228,13.575535,4.16,2.39,2000000000
RCL,46,2.793296,693743,31584.839,37086562500,4.78,0.63,0.413407,0.5,4.41,11.12436,14.065255,19.417446,5.59,70.78,828750000
READY,2.98,0,79500,235.326,357599931.5,8.03,1.55,0.744135,0.15,0.09,13.348717,19.70249,10.29594,10.07,1.92,119999977
RICHY,0.15,0,100,0.015,244248416.6,,0.09,1.367105,0.00385,-0.05,2.33422,-4.455155,-17.801346,,1.62,1628322777
RJH,15.8,0,62300,992.29,4740000000,12.46,2.05,0.765834,0.45,0.69,9.332424,17.24631,13.399336,3.8,7.71,300000000
RML,0.09,0,43500,3.842,521569870.2,,0.3,2.598289,,-0.06,-7.563621,-41.116304,-216.616023,,0.3,5795220780
ROCK,11.2,2.75,600,6.65,224000000,3.6,0.47,1.048054,1,0.37,7.97158,13.747569,1.881638,8.93,23.69,20000000
ROCTEC,0.58,-1.694915,214400,126.296,4789606279,10.25,1.13,0.561246,0.0184,0.01,8.952432,10.829088,13.93118,3.12,0.52,8117976744
ROH,,,,,,,,3.591318,,-0.29,-9.549036,-53.094665,-81.075418,,1.89,938917233
ROJNA,5.6,0.900901,6100,34.16,11213563340,3.08,0.53,1.049042,0.5,1.46,11.016987,18.468893,40.039439,9.01,10.4,2020461863
RP,0.74,1.369863,400,0.294,146592474.6,,0.34,1.331307,,-0.02,1.249936,-13.769356,-0.96541,,2.17,200811609
RPC,0.42,0,52100,21.882,547958932.5,,0.24,1.311062,0.01,0.02,1.580435,-0.34252,1.853839,2.38,1.76,1304664125
RPH,4.84,0,19900,96.708,2642640000,16.24,1.53,0.184025,0.08,0.1,10.431933,9.450349,10.267724,5.79,3.16,546000000
RS,0.15,0,30600,4.59,327332739.2,,0.3,4.636764,0.6,-0.21,-9.521784,-70.309149,-63.232686,,0.5,2182218261
RSP,1.04,0,400,0.416,772720000,19.92,0.48,0.420562,0.18,0.05,3.300089,2.430101,5.219001,,2.18,743000000
RT,0.29,0,50700,14.703,428433150.7,3.38,0.31,3.452228,0.014,0.02,5.403177,9.72143,1.414535,,0.93,1477355692
RWI,0.48,2.12766,175500,84.235,430180218.7,,0.51,0.219658,0.1,-0.05,-6.698529,-8.871643,-19.808243,,0.91,915277061
S,0.52,1.960784,1800,0.936,3495396891,,0.24,2.432979,0.015,-0.01,-0.017716,-8.805895,0.405631,2.94,2.15,6853719395
S&J,29.5,2.61,101,2.979,4422959426,17.21,0.89,0.29209,1.45,0.67,5.0742,5.243651,4.57498,4.92,33.09,149930828
S11,4.46,0,3000,13.38,2733980000,6.23,0.72,0.761574,0.14,0.39,10.027752,12.053666,39.211793,5.61,6.17,613000000
SA,6.95,0.72,80200,550.095,8332403692,155.21,1.49,2.849281,0.08,0.01,1.976314,0.961498,3.502901,,4.66,1198907006
SAAM,4.48,-3.030303,37900,170.6,1464540000,,3.38,0.164353,0.05,-0.16,-7.487319,-10.322115,-124.53314,1.08,1.37,317000000
SABINA,15.4,0,3600,55.44,5351500000,13.03,2.93,0.265738,0.58,0.58,21.827442,22.475418,13.217772,7.66,5.26,347500000
SAF,0.4,2.564103,5000,2,117000000,,0.44,0.465636,0.01,,0.492822,-0.74227,0.291042,2.56,0.89,300000000
SAFE,5.3,0,10300,54.605,1610923340,12.55,0.97,0.125147,0.41,0.21,8.624406,7.756956,17.879386,7.74,5.44,303947800
SAK,3.12,0.645161,31100,96.99,6497600000,7.29,0.94,1.362766,0.2,0.22,9.078625,13.409937,26.942587,6.45,3.28,2096000000
SALEE,0.57,0,38300,21.748,866675918.8,16.27,0.73,0.177956,0.012,0.03,4.635275,4.577371,6.376311,2.11,0.78,1520484068
SAM,,,,,,,,2.021679,,-0.25,-3.792329,-19.493225,-4.59583,,1.15,1045125093
SAMART,5.6,0,15300,85.045,5636423509,10.28,1.01,1.316686,0.14,0.28,7.079118,10.089602,6.467714,4.31,5.54,1006504198
SAMCO,0.77,0,58227,44.834,494186343.4,3.95,0.2,1.025828,0.02,0.21,3.819422,5.297114,18.605089,2.6,3.77,641800446
SAMTEL,3.26,0.617284,15200,49.552,2002320230,28.86,0.55,0.770998,0.07,0.09,1.728107,1.898944,2.346248,3.7,5.9,618000071
SANKO,1.18,2.608696,19200,22.364,364161566.8,5.06,0.96,0.805929,0.04,0.11,13.516847,20.495461,8.903769,3.48,1.2,316662232
SAPPE,30.75,0.819672,8900,273.675,9402816940,13.69,2.22,0.285996,1.75,1.23,15.559345,16.238939,13.60096,5.74,13.74,308289080
SAT,16.2,-0.613497,14900,241.42,6930660472,9.12,0.84,0.213283,0.4,0.87,8.281869,9.291246,10.772292,9.82,19.32,425193894
SAUCE,40.5,0,1100,44.575,14580000000,18.16,4.8,0.110025,1.81,1.09,30.516561,27.13808,22.510293,4.47,8.43,360000000
SAV,10.6,0,33400,354.04,6784000000,12.55,4.84,0.647023,0.4,0.41,32.723158,38.563891,27.832209,8.49,2.19,640000000
SAWAD,21.4,0.469484,323884,6952.809,35390097588,6.56,0.89,1.516624,0.35,1.65,9.484444,14.366133,30.950929,3.29,23.88,1661506929
SAWANG,,,,,140400000,,0.6,0.170259,,-0.62,-8.293933,-9.305163,-66.195115,,9.7,24000000
SC,1.98,0.507614,62500,123.132,8426208888,4.71,0.33,1.467456,0.06,0.18,4.084881,7.278655,7.503329,7.61,5.88,4277263395
SCAP,1.6,0,482400,774.696,10830535642,7.78,0.92,1.483018,0.07,0.13,8.736068,12.388385,30.783822,4.38,1.73,6769084776
SCB,144.5,0.347222,477112,68747.223,4.84863E+11,11.14,1.01,6.555653,2,6.33,2.533515,9.042668,22.599959,7.83,143.14,3367107286
SCC,261,0.772201,640416,166715.369,3.108E+11,23.2,0.86,0.974137,3.5,14.8,3.277929,3.712697,6.798655,1.93,302.03,1200000000
SCCC,151.5,0,4211,636.966,45147000000,10.9,1.35,0.921184,4,8.83,9.376947,12.457258,11.307556,7.26,112.54,298000000
SCG,2.62,-0.76,1636,4.318,3048882608,,1.01,1.581574,0.05,-0.09,-0.845836,-5.874391,-6.527671,,2.59,1163695652
SCGD,5.45,0,10000,54.5,8992500000,19.65,0.49,0.891164,0.155,-0.02,2.540976,2.491425,-0.416838,6.24,11.07,1650000000
SCGP,29.5,0.854701,403400,11895.575,1.25568E+11,20.82,1.61,0.932408,0.4,0.9,5.708429,7.810175,6.726217,2.05,18.14,4292920200
SCI,0.87,2.35,300,0.261,652500000,,0.91,1.16718,,-0.03,0.273515,-0.897457,-5.918047,,0.96,750000000
SCL,1.73,-0.574713,12400,21.692,435000000,7.52,1,1.888399,0.046,0.12,7.089643,14.48376,2.893636,5.37,1.75,250000000
SCM,0.13,0,27000,3.51,115218135.5,,0.27,0.182642,0.05,-0.03,-17.722025,-22.76037,-17.711659,,0.48,886293350
SCN,0.48,0,362240,175.987,582586728,,0.23,0.885898,0.0124,0.01,-3.998769,-13.642218,2.813323,,2.06,1213722350
SCP,9.4,-0.53,63111,590.493,2653620000,9.07,1.26,0.279082,1,0.65,13.95944,13.962752,14.587609,10.64,7.44,282300000
SDC,0.03,50,203400,4.088,690327382.6,33.21,1.81,7.080309,,,3.506736,5.597595,-1.936965,,0.01,34516369130
SE,0.47,0,10300,4.841,319341656.5,9.51,0.68,0.226077,0.026493,0.01,6.139951,7.331825,3.503852,5.64,0.69,679450333
SE-ED,1.31,0,600,0.786,513447187.6,,0.44,1.117658,,0.05,-0.038248,-3.625821,2.889277,,3,391944418
SEAFCO,2.92,0.689655,111600,323.972,2359665675,5.77,1.31,0.5469,0.08,0.26,20.453188,24.972266,22.17479,4.14,2.21,813677819
SEAOIL,3.68,1.657459,285960,1037.937,2675114083,8.17,0.95,0.83246,0.1,0.29,8.540709,12.014041,1.473429,4.97,3.82,738981791
SECURE,12.8,-0.775194,24400,311.45,1325358900,12.24,1.85,0.27276,1,0.46,14.940379,15.159191,9.391021,7.75,6.97,102741000
SEI,2.08,0.970874,1881900,3949.048,350200000,11.34,1.14,0.706991,0.11,0.09,8.176162,10.30457,6.817466,5.34,1.81,170000000
SELIC,3.14,1.29,14800,45.654,2001867549,9.85,1.59,0.857818,0.03522,0.19,12.163488,16.435755,15.681187,1.07,1.97,637537436
SENA,1.63,-0.609756,2100,3.424,2365327617,12.87,0.29,1.323342,0.138295,0.05,2.431065,2.225095,6.351894,8.43,5.73,1442272937
SENX,0.22,-4.35,216010,47.757,924016533.4,16.18,0.24,0.413948,0.0047,0.01,1.725428,1.46707,8.586515,2.14,0.93,4200075152
SFLEX,3.16,-0.628931,49500,156.62,2517902859,8.71,1.9,1.010498,0.17,0.19,12.722462,22.501316,13.859264,5.51,1.67,791793352
SFT,1.5,0,20600,30.901,660000000,10.04,0.81,0.5082,0.07,0.08,7.715984,8.260889,6.10653,4.67,1.84,440000000
SGC,1.64,0.613497,2254300,3681.138,10171245749,18.35,1.3,0.944161,0.11,0.06,8.352031,8.127549,24.016498,,1.25,6240028067
SGF,0.14,-6.67,64900,9.41,183400000,,0.13,0.126501,,-0.01,-2.719788,-5.442548,-12.392582,,1.06,1310000000
SGP,8.8,1.149425,21000,184.8,15989408100,3.5,0.78,1.812103,0.2,2.24,11.478822,25.466346,9.11281,2.3,11.13,1837863000
SHANG,,,,,5590000000,15.7,0.72,0.075752,0.5,1.8,5.843256,4.681164,21.292288,1.16,59.56,130000000
SHR,1.51,0,85700,129.293,5426396400,,0.38,1.413746,0.015,0.05,-1.881531,-10.778577,3.411828,4.64,3.93,3593640000
SIAM,0.9,1.12,38200,34.088,533813264.1,17.07,0.21,0.227777,0.01,0.03,1.463833,1.236085,4.3,,4.29,593125849
SICT,3.5,1.156069,613800,2139.63,1660799599,21.88,2.02,0.18374,0.025,0.13,7.884787,9.559964,15.984178,0.72,1.72,479999884
SIMAT,1.15,2.678571,34200,38.849,726392362.1,38.19,0.7,0.676128,0.09,,2.762806,1.794078,0.301792,8.04,1.6,648564609
SINGER,11.4,0.884956,67210,761.184,9210655154,25.28,0.68,0.158351,0.26,0.36,4.494292,2.714721,17.731801,,16.65,815102226
SINO,0.95,0,500,0.475,988000000,26.75,1.13,0.888279,0.014423,0.01,3.840648,4.171876,0.826367,6.07,0.84,1040000000
SIRI,1.44,0,599603,863.428,25313308200,5.81,0.5,1.916321,0.05,0.1,3.876846,8.638546,12.465811,8.97,2.87,17578686250
SIS,24.5,0.409836,20400,497.81,8544847182,8.47,1.82,1.967845,1.22,1.5,10.338413,22.975229,3.34718,5,13.37,350198655
SISB,8.7,0,5620,48.895,8178000000,8.92,2.11,0.700647,0.51,0.44,15.004722,25.007696,32.561614,5.86,4.13,940000000
SITHAI,1.08,-0.917431,5500,5.94,2874065021,7.44,0.66,0.587267,0.02,0.1,7.876936,9.1066,6.827407,5.5,1.65,2636756900
SJWD,9.55,0,26225,250.45,17295243922,13.42,0.73,0.842351,0.2,0.41,5.071242,5.523211,6.039178,4.19,13.04,1811020306
SK,0.53,0,21400,11.342,243800000,8.93,0.58,0.330838,0.03,0.03,5.264844,6.606792,4.294719,5.66,0.91,460000000
SKE,0.19,-5,9100,1.789,223200384.6,,0.41,1.190024,0.015,-0.04,-8.142754,-34.157427,-19.683646,,0.49,1116001923
SKIN,0.85,2.409639,8800,7.475,119520000,,1.38,0.187439,,-0.1,-19.548228,-24.290685,-21.87858,,0.6,144000000
SKN,,,20,0.092,4080000000,23.97,0.95,0.464974,0.4,,3.263351,4.024086,0.324003,,5.39,800000000
SKR,8.1,1.886792,6500,52,16359737760,26.22,2.09,0.19397,0.1,0.14,8.437752,7.90749,9.91856,3.17,3.81,2057828649
SKY,17.4,1.162791,56200,977.68,12337214349,15.19,1.97,1.198226,0.3,0.67,9.462938,13.621488,9.599739,1.74,8.73,717279904
SLP,0.48,0,1000,0.48,576000000,12.18,0.63,0.148021,,0.02,5.097592,5.298234,8.241692,,0.76,1200000000
SMART,0.6,1.694915,2100,1.26,614524317,23.56,1.06,0.171033,0.0675,0.01,5.076747,4.330199,4.089728,11.44,0.56,1041566639
SMD100,1.67,0,200,0.334,375221974.4,7.09,0.49,0.921115,0.06242,-0.01,6.272942,7.153139,-0.380478,3.74,3.38,224683817
SMIT,3.6,0.56,51299,182.465,1908000000,11.8,0.71,0.112959,0.1,0.16,6.647492,6.061802,10.225364,6.67,5.07,530000000
SMO,3,-1.315789,189300,570.752,2796800000,21.36,1,0.626993,0.2,-0.03,3.738269,5.496206,-0.498158,11.51,3.05,920000000
SMPC,9.45,-0.526316,10000,94.75,5087310164,7.89,1.45,0.232005,0.45,0.73,16.562423,19.088221,17.470395,7.37,6.55,535506333
SMT,7.15,-0.694444,2408893,17175.767,6037148614,,3.38,0.371563,0.03,0.06,0.221204,-0.394773,3.7999,0.42,2.13,838492863
SNC,6.6,0.763359,300,1.98,2372543220,5.96,0.42,1.256627,0.25,0.99,4.769372,7.36016,6.46447,,15.49,362220339
SNNP,6.6,-0.75188,34000,224.485,5985033915,17.18,2.63,1.353761,0.16,0.14,8.353442,14.647563,4.789759,8.95,2.53,900005100
SNP,8.55,0,227,1.945,4400773775,17.69,1.84,0.599609,0.05,0.12,8.124807,10.367492,2.410871,5.85,4.65,514710383
SNPS,4.36,-0.909091,6400,28.61,1782000000,16.3,2.06,0.126825,0.19,0.11,13.500008,12.658299,17.071404,5.91,2.14,405000000
SO,4.74,0,705,3.342,2256951019,11.45,1.98,1.254664,0.18,0.22,9.544254,17.215112,7.323622,8.09,2.4,476150004
SOLAR,0.25,0,49400,12.35,326780186,,1.66,5.238976,,-0.06,-33.751613,-111.675613,-39.036028,,0.15,1307120744
SONIC,1.49,0.675676,100,0.149,1137424684,8.06,0.73,0.278085,0.06,0.1,9.486107,9.19515,7.570955,4.21,2.02,768530192
SORKON,3.2,-1.23,28409,91.275,1034880000,25.1,0.78,1.564342,0.25,,2.146836,3.040853,-0.437164,7.81,4.1,323400000
SPA,2.98,0.675676,11600,34.564,3796197407,19.3,3.04,1.111881,0.1,0.07,11.788571,16.347615,10.243923,3.38,0.97,1282499124
SPACK,1.61,0.63,6200,10.015,483000000,9.92,0.65,0.764861,,0.08,4.612695,6.799876,4.329533,,2.46,300000000
SPALI,15.7,-0.632911,1048060,16561.874,30858253674,6.6,0.53,0.815128,0.55,1.09,6.216524,8.37696,18.841875,7.86,29.54,1953054030
SPC,56.25,0.45,508,28.575,18562500000,7.21,0.62,0.297324,1.6,4.31,8.365832,8.913673,7.344201,4.27,90.4,330000000
SPCG,12.4,0.813008,698477,8634.776,12986217000,35,0.81,0.009734,0.26,0.21,2.173699,2.172205,27.955578,17.56,15.28,1055790000
SPG,11.7,0,3300,38.61,4036500000,11.6,0.71,0.0838,0.8,0.64,7.129399,6.110195,18.307381,6.84,16.59,345000000
SPI,35.25,0.71,2100,73.5,45361186457,27.05,0.9,0.446779,0.2,0.87,3.110986,3.349146,58.826723,0.76,39.35,1286842169
SPRC,16.4,1.863354,1963178,31979.219,69808024213,4.12,1.31,0.444644,0.5,3.29,30.572741,37.665348,10.540409,2.8,12.25,4335902125
SPREME,1.47,0.684932,5400,7.935,1080400000,6.1,1.09,5.10336,0.12,0.09,6.294144,18.685929,8.541186,8.22,1.34,740000000
SPTX,0.01,0,17450,0.174,2136448815,,2,1.085023,,,-3.148886,-32.073459,-173.681852,,0.01,2.13645E+11
SPVI,3.66,0,8000,29.28,1464000000,8.71,2.13,0.724961,0.145,0.27,17.416979,26.579815,2.677029,3.96,1.72,400000000
SQ,0.17,0,1500,0.255,195357200,,0.14,4.22415,0.05,-0.39,-13.064398,-64.233997,-40.375437,,1.22,1149160000
SR,0.41,2.5,102400,41.704,277447000,,0.45,2.125515,,0.03,3.067592,-0.359553,3.44459,,0.92,676700000
SRICHA,17.5,0,1100,19.26,5422882500,3.14,2.6,0.535016,1,2.2,78.368893,112.529228,25.458786,5.71,6.73,309879000
SRS,2.64,2.325581,10000,26.4,412800000,32.17,0.6,0.863114,0.05,0.17,1.848274,1.880338,4.930987,,4.31,160000000
SSF,5,0,110,0.55,1349995000,15.87,0.73,0.583218,0.3704,0.14,5.28251,4.477696,2.853451,7.41,6.85,269999000
SSP,7.8,-1.265823,1380400,10853.285,9865722540,14.88,1.27,2.465591,0.205,0.26,4.971018,8.763382,19.709988,2.59,6.21,1248825638
SSSC,2.26,-1.74,53500,120.919,1446395209,6.88,0.43,0.132481,0.165,0.2,7.07044,6.312062,5.87275,7.3,5.29,639997880
SST,1,1.010101,500,0.5,521191984.5,,0.48,3.103455,0.01,-0.31,-10.226171,-40.502573,-21.527167,,2.06,526456550
STA,23.2,0.869565,1507512,34914.39,35327999954,94.76,0.71,0.589336,0.5,1,1.509296,0.750158,3.483259,2.17,32.45,1535999998
STANLY,224,0.44843,605,135.411,17087375000,8.91,0.82,0.193932,17,4.72,9.455855,9.208751,13.555234,11.21,271.68,76625000
STARM,0.95,-2.06,52000,49.218,1045000000,11.5,0.87,1.270159,0.058,0.05,6.838242,7.708378,7.682962,6.11,1.09,1100000000
STC,0.72,0,2000,1.44,408960000,23.44,1.07,1.109111,0.01,0.01,3.549499,4.668048,2.965992,1.39,0.67,568000000
STECH,1.63,0.617284,3000,4.89,1174500000,5.89,0.67,0.929988,0.04,0.22,8.298388,11.951602,11.565083,2.47,2.42,725000000
STECON,17.8,1.136364,1658900,29536.41,26735811397,11.35,1.27,1.965522,0.55,0.84,5.268193,13.109163,7.152183,3.09,13.81,1519080193
STELLA,0.23,0,1000901,220.207,5010144916,,0.88,1.232619,,,-20.443952,-42.471426,-28.069632,,0.26,21783238767
STGT,10.8,0.934579,126901,1370.55,30657425037,86.37,0.77,0.222674,0.25,0.34,0.994902,0.897131,7.912506,4.7,13.94,2865179910
STI,1.73,1.169591,1000,1.72,1031125005,17.86,1.18,0.97238,0.026,0.06,4.555753,6.712833,3.668468,1.52,1.45,602997079
STOWER,0.04,0,11000,0.44,162495013,,0.24,0.239724,,-0.01,-8.701665,-12.70303,-25.434808,,0.16,4062375325
STP,11.4,0.88,15400,174.98,1140000000,6.66,1.2,0.21897,0.3,0.99,18.504339,19.097065,21.77679,5.88,9.48,100000000
STPI,5.45,0.925926,718200,3894.19,9786270890,,1.1,0.585793,,,2.0205,-0.118747,0.390952,,4.89,1812272387
STX,0.8,0,50205,40.182,245707680,38.41,0.29,0.263238,0.085,,1.020501,0.735322,-0.356012,10.63,2.8,307134600
SUC,27.25,0,500,13.625,8175000000,7.15,0.32,0.090558,1.5,2.01,4.63156,4.646638,17.744039,5.5,84.75,300000000
SUN,2.06,0.980392,36600,75.084,1578953048,25.98,1.14,0.661519,0.05,0.02,3.324056,4.294944,0.936019,7.35,1.79,773996592
SUPER,0.12,0,135300,17.539,3281936773,2.22,0.16,1.941556,0.006,0.03,7.043823,7.465901,21.820338,,0.75,27349473107
SUPEREIF,6.3,0,9300,58.59,3244500000,,0.69,,0.265,,,,,5.78,9.16,515000000
SUSCO,2.32,-0.854701,10000,23.204,2339999897,9.71,0.49,1.242548,0.1,0.22,4.30549,5.155644,1.305977,3.85,4.77,999999956
SUTHA,,,,,1123418477,45.15,1.06,1.033561,0.07,0.23,3.165989,2.372732,11.198298,2.26,2.93,362393057
SVOA,1.97,-0.505051,11300,22.374,1610676540,5.77,0.67,3.154891,0.08,0.2,5.001528,12.15579,2.317368,4.04,2.95,813473000
SVR,0.31,3.333333,3600,1.116,153000000,,0.22,1.276343,0.2,-0.06,-2.968039,-7.791638,-27.609692,,1.34,510000000
SVT,1.55,0.649351,1900,2.945,1078000000,10.35,0.78,0.373757,0.05,0.09,7.161369,7.76392,4.200239,3.25,1.97,700000000
SWC,4.84,-2.81,100,0.484,2413863751,12,3.02,0.60564,0.125,0.21,21.815285,25.885512,12.74366,6.71,1.6,498732180
SYMC,6.55,0,8600,56.255,2840439510,21.42,0.89,0.568996,0.0973,0.24,4.299735,4.240802,8.947804,1.49,7.34,433654887
SYNEX,9.55,0,69200,664.185,8092299517,9.69,1.64,2.627664,0.1,0.53,6.500813,17.696965,1.92083,5.03,5.84,847361206
SYNTEC,1.78,-0.558659,10200,18.155,2847813567,4.44,0.45,0.521232,0.05,0.21,7.635801,10.574031,8.357797,6.7,3.98,1590957300
TACC,6.3,0,23700,149.31,3830400000,10.9,4.45,0.607151,0.21,0.34,33.624911,43.27782,15.388463,6.59,1.42,608000000
TAE,1.56,0,131100,203.31,1560000000,6.48,0.83,0.490372,0.05,0.23,12.02598,13.586258,17.683025,,1.89,1000000000
TAKUNI,0.44,2.325581,4900,2.109,344000101.5,,0.7,2.518903,0.03,0.02,-10.939872,-60.566268,3.48572,,0.61,800000236
TAN,4.08,0,3000,12.24,1224000000,22.75,0.81,0.80329,0.27,0.12,4.427965,3.525508,3.259161,6.62,5.01,300000000
TAPAC,,,,,,,,0.970204,0.04,0.18,8.243745,11.099216,4.377853,,1.71,411864308
TASCO,17.1,-0.581395,240800,4141.57,27147819004,23.18,1.87,0.532347,0.2,0.56,7.038537,7.945107,5.869927,5.81,9.2,1578361570
TATG,1,0,400,0.4,400000000,5.37,0.35,0.837956,0.07,0.1,5.484309,6.651772,3.478113,7,2.85,400000000
TBN,3.52,1.149425,3600,12.602,348000000,,0.74,0.409371,0.21,-0.19,-0.822653,-1.897535,-11.142088,6.03,4.69,100000000
TBSP,0.95,-3.061224,3200,3.07,359969987.7,,1.37,0.904245,0.9,-0.03,-96.95077,-372.844543,-7.150425,,0.71,367316314
TC,8.15,-0.61,78700,637.405,2689500000,10.18,0.94,0.623684,0.3,0.5,7.063355,9.520199,5.395865,3.68,8.65,330000000
TCAP,76.25,-0.651466,375827,28845.9,80480449637,9.2,0.96,0.762167,1.5,4.54,7.447639,10.937052,53.535868,4.56,79.96,1048605207
TCC,0.27,3.85,676900,176.903,376798540.5,94.8,0.34,0.423678,0.025,,2.205603,0.359393,-0.194664,,0.79,1395550150
TCJ,,,,,302005521,11.61,0.22,0.44316,,0.24,2.531742,1.930224,5.350638,,12.89,105596336
TCMC,0.29,0,20300,5.872,221328326.3,,0.32,6.250797,,-0.15,-10.720677,-71.29781,-7.689048,,0.9,763201125
TCOAT,,,,,257250000,92.04,0.49,0.23272,0.5,0.76,1.121175,0.5389,2.26804,2.04,49.5,10500000
TEAM,6.3,-0.787402,263300,1664.055,4045352495,15.34,2.73,0.635468,0.12,0.23,11.578437,18.672691,9.267569,3.15,2.32,637063385
TEAMG,2.86,0,76500,218.992,2339199231,10.93,1.78,1.752034,0.16,0.14,8.428078,16.251189,8.696997,5.59,1.6,817901829
TEGH,3.28,1.863354,165800,540.518,3477600000,8.87,0.89,1.159986,0.22,0.23,6.336556,10.160383,2.783863,6.83,3.63,1080000000
TEKA,1.84,0,19900,36.64,552000000,5.52,0.61,0.922073,0.15,0.13,7.361231,11.394698,3.854508,8.15,3.02,300000000
TERA,1.49,0.675676,1300,1.937,355200000,13.26,1.32,1.120256,0.037,0.06,6.441859,10.194213,5.762603,4.53,1.12,240000000
TFG,9.35,1.081081,1337916,12429.072,54915263738,8.62,2.48,1.340842,0.225,0.6,16.707479,30.912557,9.722005,7.42,3.73,5936785269
TFI,0.04,0,1800,0.073,673049459.6,,0.43,0.531779,,-0.01,-14.147147,-17.90201,-59.582764,,0.09,16826236490
TFM,6.15,0.819672,2300,14.145,6100000000,8.52,2.4,0.360967,0.18,0.31,20.293405,28.716277,10.581251,9.84,2.54,1000000000
TFMAMA,184,0,200,36.8,60665538576,16.78,1.61,0.09624,2.43,5.54,10.437697,9.905093,16.670585,2.48,114.21,329704014
TGE,1.07,0.943396,1000,1.061,2662392625,12.68,0.83,0.31269,0.00319,0.04,5.958196,6.774399,18.166463,0.3,1.27,2511691156
TGH,10.4,0,5703,59.401,7821817453,7.33,0.71,7.2004,0.1,0.68,2.145931,10.399737,5.674032,0.96,14.7,752097832
TGPRO,0.03,0,5800,0.174,141583796.8,,0.09,0.668027,,-0.01,-3.752058,-8.732719,-5.535011,,0.33,4719459894
TH,0.44,0,1000,0.44,439272167,6.84,0.26,0.024002,,0.02,4.77534,3.885438,13.851742,,1.69,998345834
THAI,5.55,0,7049823,39473.5,1.57083E+11,7.63,1.92,2.935895,0.21,0.41,10.208079,27.571539,11.294901,3.78,2.89,28303291567
THANA,1.58,-0.63,10600,16.752,438253169.9,,0.81,1.516867,0.016,-0.09,-1.407446,-4.288753,-16.261138,,1.94,277375424
THANI,1.91,1.058201,232000,440.835,11773431224,8.95,0.84,1.756481,0.06,0.11,6.0858,9.549614,40.528105,5.82,2.26,6229328690
THE,0.88,0,150000,132.135,969814018.8,10.64,0.48,0.533126,0.1,0.13,4.124431,4.624236,4.792998,,1.83,1102061385
THG,6.7,0,41900,280.755,11987334212,70.52,0.9,0.389741,0.14,0.05,3.198703,1.662972,2.430479,2.09,7.45,1789154360
THIP,22.1,0,100,2.21,1988993061,12.19,0.7,0.449822,0.55,1.16,6.411641,5.784406,4.607314,7.24,31.43,89999686
THMUI,0.33,3.125,295200,96.607,136000000,9.54,0.37,0.802651,,,4.576015,4.262946,0.06513,,0.86,425000000
THRE,0.49,0,30800,15.385,2065346978,13.05,0.52,0.550168,0.04,0.05,3.216587,4.148272,12.521244,,0.94,4214993832
THREL,1.2,0,200,0.24,744000000,,1.49,3.973151,0.07,-0.09,-2.279268,-8.898445,-5.072697,,0.81,620000000
TIDLOR,16.3,-0.609756,2952901,48199.166,47493244948,8.43,1.34,2.252444,0.69,1.09,8.263351,16.461077,25.924598,2.09,12.21,2895929570
TIGER,0.42,0,100,0.042,193200000,,0.41,0.781105,0.055,-0.01,-7.705352,-14.05079,-0.970879,,1.01,460000000
TIPCO,6.6,0,100,0.66,3185025624,12.15,0.81,0.377421,0.1,0.47,6.766294,6.828669,24.239542,1.52,8.17,482579640
TIPH,23.2,-0.85,268267,6224.006,13787582195,12.48,1.36,2.714787,0.5,1.09,3.831092,12.693338,4.019022,6.47,17.1,594292336
TISCO,124.5,0.809717,229433,28482.865,98879734564,14.39,2.33,5.828465,2,4.37,4.434927,16.336659,28.400133,6.28,53.05,800645624
TITLE,8.7,0,51002,434.352,6803883868,7.5,3.64,9.621993,0.4,0.37,6.978649,61.609247,14.521154,4.6,2.39,782055617
TK,4.4,0,16800,73.314,2200000000,35.24,0.41,0.065223,0.2,0.13,1.675953,1.164787,14.158466,4.55,10.7,500000000
TKC,8.5,-0.58,6300,53.575,3400000000,13.77,0.81,0.635985,0.2,0.37,5.362466,5.970208,9.217279,2.35,10.55,400000000
TKN,4.54,0.888889,291101,1321.495,6210000000,13.65,2.78,1.047252,0.14,0.16,12.433216,20.613827,8.540949,5.63,1.62,1380000000
TKS,8,0,10000,80,4067587512,7.55,1.14,0.327779,0.12,0.66,13.233821,15.414022,38.285414,5.79,7,508448439
TKT,0.68,1.492537,500,0.339,235022600,,0.36,0.775619,,-0.01,0.931477,-0.741954,-0.387478,,1.84,350780000
TL,0.45,2.272727,210300,94.632,2507670945,14.33,2.65,0.232751,,0.02,27.134066,25.956189,36.600663,,0.17,5699252147
TLI,11.2,0.900901,1639204,18195.195,1.27095E+11,10.48,0.92,3.422297,0.25,0.57,2.37908,8.55142,23.578598,5.41,12.06,11450000000
TM,1.28,2.4,85700,110.946,385000222.5,12.55,0.89,1.004389,0.033,0.05,5.353099,7.389361,3.959012,,1.4,308000178
TMAN,10.5,0.961538,300,3.15,4160037440,8.21,1.89,0.75825,0.24,0.53,17.01683,24.592793,17.280013,5.38,5.5,400003600
TMC,0.66,-4.347826,2000,1.32,316572000,,0.56,0.214617,,-0.02,0.038935,-0.089903,-8.942721,,1.24,458800000
TMD,27.25,0.93,301,8.177,4087500000,10.94,1.23,0.098133,1.7,1.32,12.606723,11.509384,21.203787,6.24,22.16,150000000
TMI,0.49,0,312200,152.983,329006901.4,11.16,1.25,1.775073,0.01,0.04,7.569494,11.644944,7.619955,2.04,0.39,671442656
TMILL,2.46,0,100,0.246,980713590.1,13.02,0.9,0.392528,0.05,0.12,6.909116,7.050693,6.022156,3.66,2.73,398664061
TMT,4.42,-0.45,13400,59.14,3848750510,9.34,1.1,1.592965,0.25,0.46,6.776877,12.316953,4.410062,2.26,4.03,870758034
TMW,55.75,0,1100,61.325,2224425000,4.36,0.55,0.22877,4.07,3.12,13.177961,13.1904,11.606047,7.3,101.5,39900000
TNDT,0.23,0,2080900,478.683,398264022.6,,4.81,6.243601,0.1,-0.01,4.381331,-13.416918,-17.318857,,0.05,1731582707
TNH,,,3,0.086,5085000000,16.07,1.43,0.13322,0.6,1.76,10.14423,9.157607,11.448317,1.95,19.81,180000000
TNITY,2.38,0,42067,100.117,510283533.5,,0.39,2.212163,0.175,,0.453674,-4.761244,0.224539,,6.06,214404846
TNL,,,,,5757368312,12.26,0.53,0.350646,0.6,0.82,5.678778,4.351148,45.847654,3.17,35.91,304622662
TNP,2.7,-0.735294,33100,89.672,2176000000,10.11,1.57,0.285548,0.0525,0.13,15.885104,16.323914,6.349264,3.86,1.73,800000000
TNPC,0.91,0,25600,22.806,310140676.3,,0.79,2.091242,0.018,0.04,0.627788,-21.956421,1.727207,,1.15,340813930
TNR,5.9,-0.84,103802,608.142,1770000000,9.53,1.36,0.958769,0.2,0.45,9.097419,14.452809,14.225178,6.78,4.35,300000000
TOA,14.9,-0.666667,9300,139.49,30435000000,9.08,1.88,0.446632,0.38,0.86,18.619379,21.923685,15.067942,5,8,2029000000
TOG,6.95,-0.714286,200,1.39,3320226000,12.49,1.39,0.891579,0.15,0.15,6.581652,11.201654,3.735387,7.14,5.04,474318000
TOP,77,0.983607,2561533,197242.379,1.7033E+11,5.26,0.84,0.859782,1.4,12.43,10.439141,17.426742,11.131016,2.36,90.69,2233835566
TOPP,,,,,789000000,5.18,0.43,0.186796,4.42,15.12,8.860811,8.646576,10.025349,3.36,303.56,6000000
TPA,2.68,-3.6,10000,27.138,325620000,54.09,0.91,0.45957,0.25,0.04,1.07613,1.692203,2.045294,,2.95,121500000
TPAC,9.15,1.666667,2300,21.04,2938949991,5.27,0.94,1.504965,0.438,0.89,11.060997,18.770045,7.793955,4.87,9.58,326549999
TPBI,3.68,-1.6,145046,536.873,1534118032,6.79,0.52,0.498171,0.23,0.36,7.219809,7.819701,6.629912,6.25,7.09,416879900
TPCH,0.84,1.204819,244300,205.154,332996000,,0.14,1.051025,0.037,-1.55,-8.887702,-31.934697,-50.768688,,5.98,401200000
TPCS,10.5,2.941176,600,6.3,1101600000,13.48,0.4,0.110985,0.7,0.51,2.834027,3.040216,8.048759,6.86,25.21,108000000
TPIPL,0.89,-1.111111,1026200,916.032,17041711500,6.76,0.3,1.401195,0.03,0.1,3.832036,4.48975,10.463775,3.33,3.02,18935235000
TPIPP,1.62,0,56500,91.53,13608000000,10.2,0.37,0.882796,0.07,0.06,3.088112,3.708256,11.976452,4.32,4.33,8400000000
TPL,0.46,0,50000,23,906477693.3,,0.54,0.708536,,-0.02,-3.710304,-9.228972,-5.3811,,0.85,1970603681
TPLAS,1.14,0.88,103900,119.445,307800000,16.37,0.97,0.183119,0.04,0.05,6.552563,6.024335,5.454057,3.51,1.17,270000000
TPOLY,0.1,0,2700,0.27,57275948.4,,,2.877404,0.01065,-0.73,-8.426039,-405.423554,-49.396391,,-0.56,572759484
TPP,12.8,-0.775194,2900,37.12,483750000,6.7,0.5,0.162722,1,1,7.568478,7.615181,24.458684,7.75,25.75,37500000
TPS,3.06,0,41300,126.378,1284281189,10.73,1.84,1.214729,0.03,0.1,10.560354,17.470493,4.716335,6.54,1.67,419699735
TQM,14.8,0,2500,37,8880000000,12.27,3.08,0.852045,0.65,0.6,16.674442,24.868603,19.519099,7.59,4.8,600000000
TQR,6.2,-1.587302,3000,18.6,1449000000,12.72,2.69,0.210329,0.203,0.29,22.171598,21.616375,41.158334,6.35,2.34,230000000
TR,,,,,,,,0.254884,0.05,-0.05,-2.367077,-3.464627,-0.501809,,138.45,201600000
TRC,0.39,0,25300,9.867,615312029.7,,,,,-0.09,-7.189651,-2840.712188,-44.747054,,-0.07,1577723153
TRITN,0.02,0,10500,0.218,437935819.7,17.03,0.2,0.321962,,,4.048468,1.165803,-210.334436,,0.1,21896790985
TRP,3.9,-1.015228,10100,39.39,1379000000,14.2,0.82,0.059033,0.25,0.12,6.644485,5.720551,16.633377,6.35,4.79,350000000
TRT,12.4,1.639344,67300,832.15,3757700918,11.6,2.52,1.830185,0.17,0.94,13.091464,23.405427,20.072017,1.64,4.84,308008272
TRU,3.62,-1.09,820,2.998,2382204071,9.92,0.61,0.147463,0.25,0.17,6.049026,6.165276,11.096688,6.96,5.91,658067423
TRUBB,1.15,6.481481,5880621,6645.875,907726359.6,,0.33,1.372187,0.0031,-0.07,0.507197,-5.108896,-2.0206,0.28,3.29,840487370
TRUE,12.4,0,15923543,197530.136,4.28446E+11,22.89,5.4,7.129943,0.15,0.38,5.805489,23.953831,14.136859,2.5,2.3,34552100801
TRV,1.49,-2.61,6300,9.487,357600000,47.33,0.76,0.112352,0.17,0.04,2.100048,1.625062,5.673518,,1.95,240000000
TSC,14.9,0,28800,427.11,3871020000,11.56,2.55,0.411463,0.4,0.98,15.873728,22.251781,13.437696,8.05,5.84,259800000
TSE,1.2,2.564103,1845900,2187.268,2477728049,50.75,0.79,1.25922,0.05,0.03,2.984874,1.579037,11.093175,,1.47,2117716281
TSI,0.04,0,11500,0.46,76116550.64,,0.44,4.278819,,-0.04,-6.357442,-33.252584,-13.553276,,0.09,1902913766
TSR,,,,,,,,,0.011111,-0.31,-9.080559,,-48.191548,,-0.6,604358700
TSTE,10.1,5.21,4300,42.68,3871604528,22.09,1.05,0.518961,0.08,0.29,4.587168,4.83582,9.351955,1.58,9.6,383327181
TSTH,0.92,0,700,0.643,7747817580,4.01,0.5,0.179966,0.03,0.05,14.320403,13.441844,5.990354,3.26,1.83,8421540848
TTA,5.1,0.990099,64466,328.479,9203446048,15.73,0.31,0.55137,0.25,,2.745279,2.007918,-0.743953,4.95,16.45,1822464564
TTB,2.86,0,18766461,53603.483,2.79054E+11,11.8,1.07,6.246113,0.081,0.12,2.306814,9.000291,25.118965,4.99,2.66,97571340379
TTCL,,,,,,,,,0.1,-0.29,-30.855126,,-7.271347,,-6.32,616000043
TTI,25.5,4.94,500,12.495,1275000000,,0.62,0.257016,0.5,-0.48,-2.000035,-3.087221,-2.515717,1.96,41.4,50000000
TTT,47.5,0,609,28.677,2747400000,12.41,0.37,0.167553,1.7,1.22,3.524833,3.035436,3.868712,6.74,126.75,57840000
TTW,10,0.502513,146800,1467.355,39700500000,12.68,2.37,0.380555,0.3,0.33,18.12294,19.127921,50.669083,6.03,4.2,3990000000
TU,12.7,1.6,249900,3153.01,53189158700,10.26,1.05,2.022096,0.4,0.62,5.152711,10.306709,4.421104,5.6,11.92,4255132696
TU-PF,,,,,113610482,,1.19,,,,,,,,0.92,104229800
TURBO,1.51,0.666667,17600,26.483,4005000000,6.72,0.97,2.34814,,0.12,8.357904,17.142782,19.633512,,1.54,2670000000
TURTLE,,,,,6008496301,,2.01,0.147894,,-0.06,-12.527305,-15.053972,-47.763834,,1.88,1589549286
TVDH,0.04,0,16600,0.664,91122980.56,1.26,0.13,0.491117,,0.01,7.697741,10.887775,4.508278,,0.41,2278074514
TVH,9.6,0,500,4.8,2877960538,4.5,0.67,1.139375,0.44,1.36,9.571823,15.399383,12.682236,4.58,14.41,299787556
TVO,28.25,0,17404,492.089,25127562756,9.69,2.07,0.305548,0.9,1.78,19.726895,22.179981,10.017858,6.97,13.62,889471248
TVT,0.23,9.52,35800,7.899,184006917.3,,0.31,0.052233,0.03,-0.02,-2.863014,-3.454298,-32.156253,,0.73,800030075
TWP,1.49,-1.32,148117,223.686,397761020.5,62.36,0.3,0.537522,0.00654,0.09,0.625509,0.485023,3.115202,,4.96,266953705
TWPC,2.62,0,8400,22.008,2306702837,14.7,0.47,0.605987,0.114,0.16,3.226559,3.21405,2.890802,4.35,5.57,880420930
TWZ,0.01,0,5043200,50.432,198609115.1,,0.13,1.365218,,-0.01,-49.423119,-82.617508,-14.805733,,0.08,19860911512
TYCN,1.63,-2.98,1100,1.786,972700707,23.12,0.24,0.599289,,-0.05,0.72999,1.063351,-0.686407,,6.67,596748900
UAC,2.48,0,500,1.24,1655663374,28.49,1.17,0.738295,0.2,0.09,4.844148,3.908826,7.204546,8.06,2.11,667606199
UBA,1.32,-0.75188,200,0.265,798000000,9.72,1.27,0.139182,0.09725,0.06,14.733932,13.307083,14.750323,7.31,1.05,600000000
UBE,0.59,1.724138,141500,82.221,2270285880,,0.4,0.143189,0.0153,-0.02,-0.330683,-1.745757,-2.47324,2.64,1.43,3914286000
UBIS,1.41,2.173913,2100,2.961,393300328.4,7.44,0.57,0.704742,0.2,0.12,5.927124,7.956191,6.620831,,2.42,285000238
UEC,0.77,2.67,9413,7.135,439293162,,0.44,0.174641,0.03,-0.04,-7.578088,-7.256107,-8.339857,7.79,1.77,570510600
UKEM,1.22,1.666667,2561700,3113.211,1300682701,3.58,1.17,0.888163,0.015,0.31,24.19645,38.560087,19.006938,1.25,1.03,1083902251
UMI,0.9,1.123596,112700,101.43,744489219.5,1.98,0.38,0.492051,0.04,0.4,19.087785,21.686835,38.271407,4.49,2.37,836504741
UMS,0.64,-1.538462,3500,2.25,1552427203,,2.14,0.753488,,-0.06,-16.417068,-29.33003,-132.410532,,0.3,2388349543
UNIQ,2.62,0,3000,7.86,2832262583,16.08,0.31,3.971114,0.08,0.07,3.702749,1.914291,1.334386,3.05,8.55,1081016253
UNIX,2.14,1.904762,267200,566.368,1386000000,5.59,1.51,2.063086,0.114,0.31,11.997016,27.964744,10.856176,5.43,1.39,660000000
UP,26,0,3000,78,650000000,9.48,1.05,0.252497,2.5,2.78,8.831871,11.035595,18.472761,9.62,24.88,25000000
UPF,,,,,175500000,36.33,0.53,0.44334,1.2,1.04,0.859949,1.460237,2.930371,,43.97,7500000
UPOIC,6.8,3.030303,60000,407.97,2138730000,9.06,1.24,0.210842,0.34,0.25,14.476984,14.154299,6.324227,5.15,5.33,324050000
UREKA,0.37,-2.631579,12900,4.782,715243934.8,36.94,0.45,0.18385,,,1.89118,1.235147,9.399756,,0.84,1882220881
UTP,8.75,-0.568182,65600,574.16,5720000000,9.07,1.14,0.112241,0.4,0.61,14.615973,12.90133,18.71942,6.82,7.71,650000000
UV,0.88,1.149425,600,0.528,1663376087,,0.16,1.443107,0.09,-0.03,2.674228,-0.822783,1.176183,,5.59,1911926537
UVAN,13.2,-2.222222,347168,4610.511,12690000000,10.76,2.42,0.10528,0.25,0.48,24.70607,22.445332,6.601692,9.26,5.58,940000000
VARO,5.75,0.877193,6200,35.65,569442101.1,3.71,0.49,1.051729,,1.49,8.071402,14.493504,9.636813,,11.53,99902123
VCOM,3.86,1.58,204507,786.535,1185040072,8.63,1.96,1.914909,0.15,0.24,13.936306,23.228015,6.402414,9.59,1.97,307005200
VGI,0.95,0,7708500,7321.959,20046220648,,0.57,0.089432,0.013,0.01,-2.443741,-2.427084,17.916883,,1.68,21101284893
VIBE,0.44,2.325581,4000,1.73,235502624.5,,0.69,0.48878,,-0.01,-5.289879,-12.31232,-0.497515,,0.62,547680522
VIBHA,1.33,0,406455,536.637,17934791719,9.71,1.57,0.755658,0.06,0.03,10.301763,17.602338,13.643068,4.51,0.85,13484805804
VIH,8.35,0.60241,400,3.33,5205998501,11.61,1.33,0.149283,0.4,0.34,13.095421,12.01617,13.754107,4.75,6.31,627228735
VL,0.79,0,148600,117.394,935064946.9,15.74,0.87,0.333754,0.01,0.02,5.508386,5.667963,7.64515,1.9,0.9,1183626515
VNG,1.8,-1.639344,400,0.724,3175484588,,0.51,1.95607,0.05,-0.23,-3.501297,-13.872529,-8.01487,,3.61,1735237480
VPO,0.44,0,300,0.132,413600000,,0.89,1.281256,,-0.09,-12.016613,-25.171842,-10.330288,,0.49,940000000
VRANDA,4.38,0,2700,11.854,1400205723,26.03,0.76,2.213092,0.185,0.02,4.854072,2.910722,0.905855,4.22,5.76,319681672
VS,0.25,0,2700,0.649,62500000,,1.44,0.822664,,-0.02,-12.287004,-23.67469,-20.544211,,0.17,250000000
WACOAL,15.9,0,1000,15.85,1908000000,,0.39,0.192724,0.55,0.07,1.150788,-0.131653,0.532733,3.46,41.08,120000000
WARRIX,1.18,0,2600,3.067,708000000,,0.55,0.391275,0.0563,-0.13,-0.568449,-1.948181,-9.116355,4.77,2.14,600000000
WASH,3.62,0,1600,5.792,1277647057,11.83,1.19,1.621724,0.1066,0.09,8.224671,11.842733,6.161599,4.94,3.05,352941176
WAVE,0.04,0,100,0.004,458517484,1.45,1.01,1.624499,,,50.823593,55.507243,-10.481183,,0.04,11462937100
WFX,1.11,0,200,0.222,515262000,,0.3,0.336683,0.21,0.03,-0.350618,-1.08397,1.319317,,3.75,464200000
WGE,0.65,0,231610,151.062,390000000,3.22,0.69,1.932704,0.05,0.1,10.452417,24.141101,5.811018,,0.94,600000000
WHA,4.92,0.408163,14400260,71035.529,73239489927,17.25,1.96,1.584543,0.1438,0.15,6.294024,11.714471,40.205121,4.3,2.5,14946834679
WHAUP,6.9,1.470588,231010,1582.913,26010000000,17.5,1.91,1.397078,0.1925,0.22,6.803861,11.128075,41.379518,3.71,3.56,3825000000
WICE,3,0,13000,39,1922998500,21.15,1.42,0.942368,0.14,0.08,2.887538,6.833083,1.175461,4.67,2.12,640999500
WIIK,1.21,0.833333,700,0.851,1005220163,9.89,0.46,0.290257,0.055,0.09,5.030706,4.749081,8.506671,4.58,2.59,837683469
WIN,0.3,0,1000,0.3,168343206,,0.45,0.832089,,,0.404266,-3.417269,-0.955599,,0.67,561144020
WINDOW,0.71,1.43,62310,43.567,630480000,15.21,0.69,0.185605,0.03,0.04,4.926106,4.56355,8.617394,4.23,1.03,888000000
WINMED,1.27,0,300,0.384,508000000,30.25,0.79,0.781466,0.0125,0.02,3.272606,2.64397,2.52318,0.98,1.6,400000000
WINNER,2.2,0,39550,87.056,1319944256,9.33,1.84,0.815359,0.09,0.11,14.035897,20.988569,6.330414,8.18,1.2,599974662
WORK,3.36,0,100,0.336,1483643230,,0.36,0.160765,0.09,-0.12,-1.158787,-1.686032,-5.451582,,9.3,441560485
WP,3.66,0.549451,2100,7.686,1858237472,10.7,1.47,4.535404,0.3,0.17,3.563579,13.805936,1.015434,8.49,2.47,510504800
WPH,6,0,57401,344.901,4284750390,12.5,2.06,0.794092,0.073,0.29,12.123336,17.731505,15.80517,1.19,2.91,714125065
WSOL,,,,,,,,,0.155201,-1.98,-77.943719,,-242.000718,,-1.34,2431768238
XBIO,0.06,0,18337,1.099,732941948.3,,2.48,0.790155,,-0.04,-87.859248,-194.843612,-217.966725,,0.02,12215699139
XO,19.4,1.041667,60100,1157.24,8222676038,17.8,4.23,0.189175,0.378,0.56,22.836961,24.837537,21.544948,3.58,4.54,428264377
XPG,0.5,0,3024700,1482.35,5350095551,26.63,0.45,0.032738,0.01,0.01,2.120223,1.681912,24.376375,2,1.12,10700191101
XYZ,0.27,0,52484,13.939,471619687.4,,1.12,1.081682,0.1813,-0.07,-7.201798,-62.034061,-6.515729,,0.24,1746739583
YGG,0.18,0,10000,1.8,108359493.7,,2.68,0.931046,0.067,-0.02,-24.627055,-51.270474,-231.968575,,0.07,601997187
YONG,0.66,0,21000,13.86,448800000,22.08,0.52,0.581104,0.03,0.01,2.716694,2.338402,1.282447,4.55,1.28,680000000
YUASA,15.3,0,4103,62.736,1646662500,6.57,1.14,0.430177,0.9023,1.39,15.911607,18.293573,10.011362,5.9,13.4,107625000
ZAA,1.58,0.636943,2300,3.571,1020593553,,4.67,0.156418,,-0.03,-15.863185,-20.281949,-15.996852,,0.34,650059588
ZEN,5.4,0,10002,54.011,1620000000,34.27,1.2,1.017679,0.1,0.08,4.933224,3.524143,2.037331,1.85,4.49,300000000
ZIGA,1.1,1.851852,98900,107.807,796314724.9,38.03,0.94,0.351585,0.13,0.03,3.331505,2.509787,6.184183,,1.15,737328449
